Responder_id,Age
1,14
2,19
3,28
4,22
5,30
6,28
7,42
8,24
9,23
11,22
12,21
13,28
14,31
15,20
16,26
17,29
19,31
20,38
22,47
23,22
24,23
25,22
26,34
27,22
29,32
30,28
32,21
33,25
34,17
35,35
36,21
37,27
38,44
39,42
40,23
42,30
43,27
44,43
45,62
46,37
47,45
48,20
49,34
50,23
51,18
52,22
53,18
54,37
55,25
56,33
57,31
58,47
59,38
60,27
61,34
62,19
63,42
64,25
65,21
67,24
68,29
69,18
70,42
71,21
72,29
73,36
74,24
75,27
76,32
77,43
78,25
79,20
80,24
81,28
83,22
84,26
85,31
86,26
87,36
88,16
90,25
91,25
92,35
93,32
94,27
95,30
96,43
97,25
98,30
99,21
100,39
101,35
102,37
104,29
106,33
107,24
108,64
109,41
110,26
111,54
112,19
113,49
114,26
115,21
116,31
117,38
118,26
119,28
120,26
121,20
123,24
124,27
125,35
126,32
127,36
128,30
129,34
130,23
132,30
133,39
134,54
135,32
137,25
139,24
140,25
141,21
142,24
143,36
144,47
146,47
148,28
149,40
150,31
151,34
152,39
154,40
155,34
156,36
157,25
158,29
159,35
160,43
161,35
163,32
164,47
166,30
167,28
169,32
170,25
172,31
173,31
174,24
175,20
176,31
177,22
178,28
179,35
180,32
181,29
182,18
183,30
184,29
185,28
186,26
187,23
188,28
189,28
190,27
191,27
192,28
193,56
194,29
195,22
196,40
197,40
198,30
200,43
201,35
202,45
203,29
204,12
205,24
206,33
207,34
208,26
209,33
210,47
211,30
212,30
213,41
214,58
215,46
216,35
217,36
218,36
219,39
221,47
222,59
223,23
224,28
225,38
227,33
228,25
229,25
231,31
232,32
233,36
234,45
235,21
236,29
237,21
238,31
240,21
241,32
242,30
243,17
244,44
245,35
246,33
247,33
248,30
249,24
250,27
251,20
252,27
253,28
254,41
255,20
256,20
257,43
258,23
259,31
261,27
262,24
263,40
265,40
266,33
267,23
268,25
269,32
270,18
271,24
272,39
273,29
274,35
275,34
276,29
277,29
278,31
279,27
280,47
281,40
283,26
284,19
285,32
286,23
289,37
290,30
292,27
293,31
295,36
296,22
297,34
298,23
299,25
301,39
302,33
303,28
304,30
305,28
306,51
307,21
308,36
309,20
310,32
311,24
312,31
313,23
314,47
315,23
316,22
317,24
318,21
319,30
320,46
321,32
322,23
323,48
324,34
325,49
326,34
328,31
329,47
330,35
331,29
332,24
333,33
334,30
335,30
336,38
337,31
338,28
339,16
340,35
341,23
342,35
343,24
344,29
345,33
346,19
347,41
348,39
349,26
350,19
351,25
352,26
353,30
354,25
355,35
356,29
357,33
358,24
359,37
360,28
361,25
362,32
363,37
364,40
366,22
367,42
368,25
369,18
370,32
371,30
372,25
373,37
374,26
375,57
376,25
377,37
378,32
379,19
380,34
381,22
382,26
383,38
384,28
386,27
388,27
389,38
390,43
391,16
392,52
394,30
395,41
396,46
397,39
398,22
399,31
400,48
401,31
402,49
403,19
404,27
405,30
406,24
407,21
408,32
409,33
410,43
411,33
412,28
413,35
414,44
415,50
416,21
417,23
418,45
419,23
421,27
422,19
423,34
424,28
425,44
426,29
427,32
428,28
429,51
430,20
431,64
432,24
433,20
434,41
435,24
436,38
437,25
438,24
439,23
440,34
441,20
442,33
443,28
444,33
445,31
446,25
447,29
449,44
450,24
451,20
452,35
453,39
455,29
456,24
457,35
458,25
459,33
460,32
461,55
462,37
463,29
464,26
465,39
466,23
467,23
468,40
469,28
470,23
471,26
472,46
473,28
474,23
475,30
476,29
477,31
478,17
479,46
480,19
481,38
482,41
483,22
484,15
485,22
486,31
487,24
488,25
489,32
490,30
491,22
492,48
493,22
494,20
495,23
496,27
497,41
498,25
499,27
500,27
501,18
502,21
503,37
504,51
505,21
506,24
507,24
510,23
511,33
513,16
514,31
515,20
516,29
517,25
519,34
520,24
521,35
522,41
523,21
524,31
525,31
526,32
527,31
528,29
529,20
530,67
531,22
532,21
533,30
536,22
537,22
538,19
539,40
540,23
541,31
542,30
543,22
544,38
545,24
546,19
547,25
548,46
550,37
551,30
552,29
553,42
554,25
555,24
556,30
557,44
558,36
560,33
561,24
562,23
563,35
564,35
565,20
566,40
568,22
569,30
571,30
572,21
573,55
574,30
575,28
576,21
577,16
578,28
579,32
580,42
581,27
582,24
583,23
585,23
587,30
589,24
590,25
591,29
592,29
593,23
594,23
595,33
597,34
598,41
599,22
600,15
602,31
603,43
604,29
605,30
606,35
607,29
608,28
611,22
613,34
614,34
615,29
616,30
617,27
618,21
619,22
621,23
622,26
623,29
624,18
625,32
626,30
627,28
628,33
629,14
630,25
631,32
632,41
633,52
635,36
636,42
638,34
639,24
640,36
642,17
643,39
644,19
645,30
646,35
647,23
648,58
650,24
652,44
654,37
655,21
656,43
657,37
658,28
659,28
660,35
661,27
662,31
663,24
664,30
665,52
666,33
667,36
668,27
669,23
670,28
671,29
672,24
673,13
674,18
675,28
677,31
678,31
679,27
680,36
681,24
682,37
683,23
684,27
685,29
686,37
687,23
688,19
689,24
691,28
692,37
693,33
694,37
695,25
696,28
697,35
698,21
699,28
700,20
701,29
703,34
704,31
705,32
706,40
707,24
708,36
709,32
710,15
711,34
712,28
714,22
715,41
716,38
717,23
718,35
720,34
721,36
722,1
723,24
724,39
725,49
726,30
727,22
728,22
729,36
731,24
732,25
733,50
734,28
735,33
736,33
737,52
738,18
739,24
740,29
741,22
742,19
743,26
744,38
746,32
747,40
748,24
749,34
750,21
751,32
752,34
753,27
754,55
755,37
756,27
757,28
758,31
759,50
760,42
761,28
762,45
763,30
764,33
765,27
766,37
767,30
768,34
769,24
770,29
771,27
772,25
773,21
774,26
776,31
777,45
778,32
779,24
780,24
781,29
782,20
783,22
784,24
785,37
786,26
787,29
788,41
789,31
790,25
791,24
792,24
793,28
794,64
795,22
796,41
797,36
798,20
799,21
800,21
801,30
802,42
803,39
805,27
806,31
807,39
808,44
810,33
811,24
812,41
813,43
814,24
815,50
816,37
817,23
818,23
819,33
820,18
821,29
822,34
823,35
824,22
825,26
826,19
828,28
829,32
830,36
831,30
832,21
833,30
834,28
835,36
837,21
838,31
839,32
841,35
842,44
843,27
844,27
845,44
846,22
848,26
849,18
850,36
851,20
852,28
853,26
854,46
855,40
856,45
857,23
858,17
859,30
860,24
861,27
862,29
863,18
864,25
865,27
866,35
867,42
868,21
869,30
870,25
871,23
872,32
873,23
874,25
875,18
876,29
877,49
878,32
879,17
880,30
881,20
882,20
883,46
884,28
885,23
886,26
887,33
888,34
890,28
891,15
892,33
893,22
894,27
896,21
898,25
899,28
900,26
901,25
902,23
903,22
904,40
907,25
909,28
910,25
911,22
912,27
913,20
914,51
915,38
916,41
917,33
918,20
919,32
920,28
921,30
922,28
923,31
925,28
926,20
927,22
928,27
929,32
930,33
931,35
932,34
933,24
934,27
935,38
936,16
937,15
938,31
939,22
941,20
942,28
943,36
944,32
945,27
946,37
947,18
948,32
949,24
951,42
952,38
953,23
954,19
955,40
957,26
958,28
959,35
960,20
962,29
964,30
965,22
967,36
968,31
969,27
970,53
971,33
972,27
973,22
975,28
976,16
977,45
978,27
979,40
980,35
981,35
982,19
983,29
984,25
985,26
986,24
987,20
989,19
990,25
991,29
992,20
993,36
994,33
995,23
996,18
997,25
999,28
1000,25
1001,30
1002,20
1003,19
1004,38
1005,25
1006,25
1007,27
1008,38
1009,26
1010,27
1013,26
1015,32
1016,25
1017,27
1018,26
1019,32
1021,41
1022,24
1023,29
1024,26
1025,29
1026,25
1027,34
1028,22
1029,59
1030,29
1031,33
1032,25
1033,50
1034,26
1035,43
1036,40
1037,31
1038,21
1039,37
1041,35
1042,44
1043,35
1045,32
1046,23
1047,25
1048,27
1050,21
1051,40
1052,37
1053,18
1054,28
1055,25
1056,34
1057,38
1061,38
1062,25
1063,31
1064,29
1065,28
1066,40
1067,29
1068,27
1069,40
1070,35
1071,39
1072,20
1073,37
1074,28
1075,50
1076,27
1077,22
1079,24
1080,18
1081,38
1082,37
1083,22
1084,36
1085,32
1086,21
1087,19
1088,28
1089,28
1090,43
1091,21
1092,19
1093,21
1094,69
1095,31
1096,19
1097,26
1098,27
1099,33
1101,30
1102,53
1103,29
1105,65
1106,17
1108,21
1109,20
1110,30
1111,28
1113,38
1114,42
1115,18
1116,26
1117,25
1118,48
1119,17
1120,26
1121,22
1122,27
1123,37
1124,35
1125,19
1127,28
1128,27
1129,30
1130,33
1131,24
1132,29
1133,24
1134,19
1135,19
1136,28
1137,34
1138,21
1141,15
1142,25
1143,24
1144,36
1145,25
1146,23
1147,45
1148,30
1149,29
1150,42
1151,44
1152,33
1153,27
1154,28
1155,25
1157,23
1158,37
1159,28
1161,33
1162,27
1164,40
1165,28
1166,26
1167,49
1169,36
1170,55
1173,21
1174,22
1175,19
1176,35
1177,23
1178,27
1179,26
1181,23
1182,34
1183,29
1184,18
1185,27
1186,31
1187,29
1188,26
1189,25
1190,20
1192,40
1193,57
1194,38
1195,15
1197,27
1198,18
1200,28
1201,28
1202,32
1203,36
1205,28
1206,29
1207,26
1208,24
1209,31
1210,35
1211,34
1212,22
1214,28
1215,24
1216,25
1217,63
1218,15
1219,38
1221,23
1222,27
1223,37
1224,32
1225,34
1226,48
1228,27
1229,34
1230,39
1232,25
1233,30
1234,42
1235,23
1236,33
1237,32
1238,38
1239,29
1240,22
1241,34
1243,24
1244,37
1245,24
1246,37
1247,26
1249,18
1250,26
1251,18
1253,40
1254,37
1255,29
1256,19
1257,52
1258,42
1259,26
1260,28
1262,29
1263,23
1264,21
1266,33
1267,26
1268,48
1269,27
1270,50
1271,37
1272,25
1273,21
1274,46
1275,21
1276,23
1277,24
1278,55
1279,33
1280,28
1281,29
1283,59
1284,37
1285,25
1286,36
1287,23
1288,35
1289,35
1290,31
1291,22
1292,36
1294,23
1295,23
1296,32
1297,34
1298,32
1299,24
1300,28
1301,33
1302,29
1303,22
1304,30
1305,27
1307,39
1308,49
1309,43
1310,35
1311,16
1312,61
1313,25
1314,39
1315,28
1316,40
1318,36
1319,18
1320,28
1321,36
1322,43
1323,22
1324,30
1325,43
1326,42
1328,36
1329,33
1330,26
1331,33
1332,52
1333,22
1334,29
1335,24
1336,30
1337,42
1339,42
1340,22
1341,32
1342,23
1343,33
1344,28
1345,23
1346,28
1347,26
1348,32
1349,22
1351,23
1354,30
1355,22
1356,25
1357,36
1358,26
1359,29
1360,18
1361,24
1362,33
1363,35
1364,30
1365,27
1367,29
1369,22
1370,43
1371,42
1372,26
1373,38
1374,18
1375,31
1376,36
1378,40
1379,26
1380,20
1381,33
1382,32
1383,29
1384,19
1385,44
1386,31
1387,29
1388,38
1390,50
1391,27
1392,40
1393,27
1395,30
1396,40
1397,38
1398,67
1399,21
1400,62
1401,20
1402,32
1403,46
1404,31
1405,28
1406,20
1407,23
1408,34
1409,35
1410,28
1411,34
1412,33
1413,29
1414,26
1417,29
1418,19
1419,28
1420,38
1421,32
1422,42
1423,31
1424,20
1425,23
1426,26
1427,43
1428,37
1429,35
1430,28
1431,31
1432,54
1433,22
1434,22
1435,43
1437,29
1438,26
1439,22
1440,15
1441,33
1443,23
1444,30
1445,38
1446,46
1449,68
1450,30
1451,30
1452,28
1453,40
1454,32
1455,35
1456,51
1457,48
1458,32
1459,25
1460,26
1461,29
1462,24
1463,47
1464,23
1466,33
1469,24
1470,23
1471,30
1472,33
1473,34
1474,30
1475,34
1477,40
1478,25
1480,33
1481,36
1482,34
1483,20
1484,23
1485,25
1486,29
1487,35
1488,39
1489,25
1490,29
1491,33
1492,20
1493,28
1496,26
1499,38
1500,22
1501,24
1502,50
1503,27
1504,18
1505,34
1506,16
1507,22
1508,19
1509,25
1510,24
1511,34
1512,28
1513,38
1514,32
1515,24
1516,25
1517,30
1518,30
1519,27
1520,31
1521,28
1522,24
1523,30
1524,38
1525,41
1527,18
1528,17
1529,24
1530,28
1531,33
1532,28
1533,22
1534,23
1535,29
1536,33
1537,23
1538,45
1539,20
1540,27
1541,32
1542,42
1543,30
1544,26
1545,42
1546,49
1548,32
1549,26
1550,24
1551,25
1552,38
1553,30
1554,22
1555,17
1556,53
1557,30
1558,36
1559,27
1560,31
1561,24
1563,26
1564,39
1565,27
1566,24
1567,30
1568,21
1569,25
1570,17
1571,22
1572,32
1573,25
1574,15
1575,21
1577,30
1578,23
1579,26
1580,27
1581,17
1583,31
1584,22
1585,58
1586,24
1588,57
1589,30
1590,23
1591,52
1592,38
1593,30
1594,45
1595,19
1597,27
1598,32
1599,63
1600,34
1601,42
1602,28
1603,31
1604,28
1605,27
1606,40
1607,31
1608,44
1609,29
1610,34
1611,19
1612,26
1613,27
1614,30
1616,65
1617,54
1619,33
1620,29
1621,26
1622,23
1623,34
1624,22
1625,23
1626,44
1627,44
1628,35
1629,34
1630,22
1632,26
1633,54
1634,22
1635,28
1636,39
1637,44
1639,31
1641,28
1642,24
1643,35
1644,30
1645,34
1647,21
1648,28
1649,19
1650,32
1651,26
1652,28
1653,30
1654,24
1655,24
1656,25
1657,32
1658,30
1659,37
1660,23
1661,28
1663,16
1664,35
1665,31
1666,25
1667,49
1668,29
1669,28
1670,48
1671,33
1673,28
1674,34
1675,34
1676,24
1677,25
1678,42
1679,23
1680,26
1681,22
1682,35
1683,29
1684,34
1685,29
1686,21
1687,18
1689,42
1690,30
1691,73
1692,29
1693,33
1694,49
1695,21
1696,34
1697,24
1698,63
1699,31
1702,18
1703,32
1704,17
1705,25
1706,28
1708,27
1709,34
1711,53
1712,44
1713,33
1714,20
1715,38
1716,25
1717,35
1719,29
1720,20
1722,27
1723,30
1724,37
1725,48
1726,22
1727,23
1728,35
1729,16
1730,31
1731,36
1732,28
1733,24
1734,21
1735,35
1736,32
1737,27
1738,20
1739,26
1740,22
1742,25
1743,29
1744,50
1745,27
1748,41
1749,34
1750,42
1751,21
1752,32
1753,26
1754,30
1755,55
1756,32
1758,26
1759,23
1761,26
1762,39
1763,27
1764,23
1766,36
1767,25
1768,27
1769,25
1770,28
1771,42
1772,47
1773,24
1774,25
1776,33
1777,29
1778,23
1779,25
1780,25
1781,29
1783,22
1784,28
1785,24
1786,24
1787,30
1788,23
1789,34
1790,29
1791,24
1793,31
1795,23
1796,24
1797,33
1798,30
1800,23
1801,36
1802,29
1803,25
1804,28
1805,38
1807,24
1808,26
1809,27
1811,34
1812,52
1813,38
1814,33
1815,22
1816,26
1817,57
1818,14
1819,27
1820,34
1821,34
1822,26
1823,36
1824,27
1825,38
1826,33
1827,24
1828,61
1829,44
1830,28
1831,27
1832,23
1833,40
1834,29
1835,38
1836,31
1837,25
1838,28
1839,58
1840,30
1841,32
1842,38
1843,37
1844,44
1845,26
1846,25
1847,28
1848,32
1849,34
1850,40
1851,38
1852,35
1853,47
1854,38
1855,26
1856,27
1857,14
1858,22
1859,25
1860,50
1861,36
1862,39
1863,26
1864,48
1865,25
1867,39
1868,30
1869,28
1870,25
1871,32
1873,36
1874,37
1875,23
1876,15
1877,27
1878,33
1879,43
1880,39
1881,41
1883,34
1884,35
1885,25
1886,27
1887,35
1888,31
1891,31
1892,30
1893,26
1894,35
1895,27
1896,23
1897,29
1898,44
1899,21
1900,20
1901,18
1902,35
1903,36
1904,27
1906,33
1907,30
1908,35
1909,21
1910,41
1911,32
1913,27
1914,39
1915,30
1916,27
1917,28
1918,41
1919,39
1920,55
1921,30
1922,35
1923,29
1924,23
1925,27
1928,30
1929,23
1931,38
1932,21
1933,35
1934,29
1935,35
1936,30
1937,34
1938,49
1939,35
1940,32
1941,30
1942,30
1943,36
1944,34
1946,46
1947,22
1948,34
1949,26
1950,28
1951,26
1952,29
1953,41
1954,37
1955,25
1956,40
1957,27
1958,33
1959,34
1960,28
1961,37
1962,24
1963,25
1964,25
1965,19
1966,22
1967,50
1968,35
1969,28
1970,29
1971,24
1973,15
1974,28
1975,24
1976,24
1977,23
1978,36
1979,24
1981,22
1982,27
1983,31
1984,30
1985,47
1986,45
1987,17
1988,23
1989,23
1990,31
1992,25
1993,35
1997,50
1999,32
2000,29
2001,37
2002,17
2003,40
2004,34
2005,25
2006,32
2007,21
2009,36
2010,22
2012,43
2013,21
2014,27
2016,26
2017,43
2018,38
2020,25
2021,32
2022,20
2024,23
2025,40
2026,24
2027,24
2028,45
2029,21
2030,28
2031,28
2032,46
2033,27
2034,24
2035,36
2036,20
2037,31
2038,38
2040,18
2041,32
2042,32
2044,29
2045,37
2046,30
2047,25
2049,26
2050,30
2051,27
2052,32
2053,28
2054,24
2055,18
2056,27
2057,33
2058,33
2059,23
2060,17
2061,29
2063,22
2064,26
2065,22
2068,41
2069,22
2070,23
2071,22
2073,26
2074,31
2075,24
2076,28
2077,30
2078,20
2079,23
2080,28
2081,24
2082,29
2083,23
2084,20
2085,30
2086,39
2087,30
2088,31
2089,24
2090,41
2092,50
2093,24
2094,28
2095,28
2096,16
2097,41
2098,34
2100,45
2101,39
2102,27
2104,18
2105,25
2106,25
2107,33
2108,38
2109,32
2110,25
2112,29
2113,32
2115,29
2116,35
2117,22
2118,36
2119,35
2120,37
2121,31
2123,26
2124,34
2125,32
2126,28
2127,47
2128,28
2129,16
2130,25
2131,27
2132,38
2133,28
2134,50
2135,28
2136,37
2137,30
2139,28
2140,20
2141,35
2142,28
2143,22
2144,30
2145,26
2146,29
2147,29
2148,29
2149,26
2150,32
2151,25
2152,32
2153,21
2156,45
2157,27
2158,26
2159,23
2161,36
2163,23
2164,26
2165,29
2166,25
2167,18
2168,23
2169,32
2170,30
2171,45
2172,28
2173,24
2174,27
2175,24
2177,24
2178,38
2179,23
2180,23
2181,43
2182,38
2184,22
2185,23
2187,24
2189,32
2190,33
2191,33
2192,45
2194,34
2195,21
2196,45
2197,16
2198,33
2199,24
2200,26
2201,46
2202,23
2204,40
2205,27
2206,30
2207,39
2208,26
2209,55
2210,24
2211,17
2212,53
2213,23
2214,27
2215,27
2216,36
2217,25
2218,31
2220,28
2221,22
2222,31
2223,43
2224,31
2225,36
2226,30
2227,31
2228,38
2229,34
2230,44
2231,37
2232,21
2234,50
2236,29
2237,39
2238,43
2239,33
2241,23
2242,33
2243,16
2244,21
2245,24
2246,24
2247,58
2248,29
2249,31
2250,24
2251,31
2252,39
2253,26
2254,30
2255,37
2256,53
2257,28
2258,35
2259,19
2260,36
2261,31
2262,28
2264,22
2265,28
2266,31
2267,21
2268,22
2269,38
2270,27
2271,48
2272,41
2273,28
2274,21
2275,28
2276,34
2277,65
2278,41
2279,20
2280,35
2282,22
2283,36
2284,27
2285,27
2286,22
2288,29
2289,27
2290,31
2291,38
2292,22
2293,22
2294,43
2295,48
2296,31
2297,18
2298,26
2299,23
2300,34
2301,24
2302,26
2303,28
2304,20
2305,23
2307,41
2309,30
2311,29
2312,62
2313,23
2314,38
2315,26
2316,25
2317,24
2318,38
2319,25
2320,27
2321,37
2323,32
2324,25
2325,21
2326,42
2327,33
2328,34
2329,33
2330,33
2331,35
2332,24
2333,37
2334,38
2335,47
2336,31
2337,30
2338,20
2339,24
2340,26
2341,27
2342,24
2343,27
2344,24
2345,22
2346,24
2348,35
2349,47
2350,24
2351,26
2352,30
2353,38
2354,30
2355,18
2357,30
2358,32
2359,21
2360,24
2361,29
2363,47
2364,19
2365,22
2366,22
2367,26
2368,29
2369,49
2371,16
2372,23
2373,23
2374,35
2375,24
2376,19
2377,22
2378,22
2379,30
2380,19
2381,27
2382,41
2383,24
2384,33
2385,25
2386,43
2387,19
2389,31
2390,27
2391,27
2392,31
2393,33
2394,44
2395,22
2396,25
2397,16
2398,22
2399,35
2400,18
2401,22
2402,27
2403,34
2404,30
2405,27
2406,15
2407,27
2408,27
2409,23
2410,32
2411,55
2412,24
2414,29
2415,36
2416,44
2417,28
2419,34
2420,16
2421,36
2422,27
2424,46
2425,24
2426,21
2427,22
2428,33
2429,27
2431,26
2432,32
2434,48
2435,18
2437,30
2438,37
2439,27
2440,34
2441,26
2442,48
2443,35
2444,43
2445,15
2447,38
2448,25
2449,30
2450,38
2451,22
2452,22
2453,25
2454,39
2455,23
2456,34
2457,38
2460,38
2462,47
2463,26
2464,32
2465,30
2466,26
2467,25
2468,25
2470,28
2472,28
2473,16
2474,33
2475,27
2476,53
2477,27
2478,43
2479,29
2480,19
2481,18
2482,27
2484,30
2485,29
2486,21
2487,22
2489,32
2490,21
2491,25
2492,21
2493,34
2494,53
2495,28
2496,25
2497,26
2498,21
2499,25
2500,29
2502,38
2503,28
2504,28
2505,41
2506,23
2507,19
2510,22
2511,42
2512,28
2513,61
2514,33
2515,30
2516,23
2517,12
2518,27
2519,31
2520,26
2521,28
2523,52
2524,20
2525,32
2526,22
2527,22
2528,29
2529,24
2531,37
2532,36
2533,38
2534,28
2535,56
2536,24
2537,21
2538,29
2539,35
2540,29
2541,36
2542,33
2543,33
2544,14
2545,18
2546,25
2547,25
2548,20
2549,30
2550,26
2551,29
2552,27
2553,18
2554,23
2555,22
2556,24
2558,43
2559,22
2560,27
2561,52
2562,23
2563,17
2564,30
2565,27
2567,39
2570,28
2571,38
2572,26
2573,36
2574,21
2575,32
2576,29
2577,33
2578,26
2580,35
2582,29
2583,29
2584,25
2585,38
2586,26
2587,36
2588,27
2589,35
2590,20
2591,28
2592,28
2593,51
2594,24
2596,27
2597,43
2598,26
2599,21
2600,41
2601,26
2602,34
2603,15
2604,58
2606,33
2607,31
2609,24
2610,29
2611,32
2612,30
2613,26
2614,39
2616,36
2617,29
2618,25
2619,31
2620,26
2621,35
2622,21
2623,35
2624,29
2625,29
2626,20
2627,36
2629,27
2631,24
2632,64
2634,24
2636,28
2637,40
2638,23
2639,38
2640,27
2641,38
2642,33
2643,24
2644,21
2645,32
2646,39
2647,19
2649,31
2650,34
2651,27
2652,32
2653,20
2654,35
2655,42
2656,25
2657,28
2658,28
2659,30
2660,31
2662,21
2663,70
2664,27
2665,34
2666,29
2667,30
2668,25
2669,23
2670,56
2671,22
2672,59
2673,28
2674,29
2675,42
2677,27
2678,25
2680,30
2681,27
2682,23
2684,25
2685,22
2687,19
2689,47
2690,20
2691,32
2692,20
2694,43
2695,32
2696,22
2697,26
2698,28
2699,47
2700,22
2701,24
2702,17
2703,27
2704,25
2705,26
2706,26
2708,26
2709,40
2710,33
2711,56
2712,25
2713,41
2714,25
2715,32
2716,32
2717,29
2718,38
2719,42
2720,22
2721,19
2722,25
2723,34
2724,35
2725,36
2726,28
2727,20
2728,25
2729,24
2730,36
2731,22
2732,20
2733,28
2734,37
2735,35
2736,31
2737,34
2738,31
2739,32
2740,20
2741,25
2742,30
2744,51
2745,26
2746,42
2748,42
2749,28
2750,21
2751,41
2752,44
2753,55
2755,27
2756,42
2757,57
2758,40
2759,41
2760,30
2761,34
2762,28
2763,22
2764,28
2766,32
2767,20
2769,23
2770,30
2771,26
2772,23
2773,36
2774,22
2775,34
2776,28
2778,26
2779,31
2780,24
2781,23
2783,27
2784,40
2785,34
2786,35
2787,35
2788,52
2789,30
2790,30
2791,30
2792,36
2793,47
2794,31
2795,31
2796,35
2797,31
2798,21
2799,27
2800,28
2801,40
2802,25
2803,40
2804,23
2805,23
2806,20
2808,40
2809,24
2811,38
2812,24
2813,38
2814,24
2815,20
2816,40
2817,35
2820,29
2821,23
2822,34
2824,23
2826,29
2828,28
2829,19
2830,29
2831,29
2832,34
2833,32
2834,21
2837,35
2838,25
2839,24
2841,29
2842,29
2843,36
2844,28
2845,34
2846,30
2847,37
2849,25
2851,19
2852,48
2853,34
2854,33
2855,33
2856,25
2858,45
2859,26
2860,27
2861,36
2862,30
2863,36
2864,23
2865,28
2866,25
2867,30
2868,28
2869,41
2870,25
2871,25
2872,30
2873,41
2874,14
2875,21
2876,38
2877,29
2878,56
2879,40
2880,21
2884,38
2885,24
2886,30
2887,25
2888,38
2889,27
2890,30
2891,28
2892,26
2893,29
2894,26
2895,23
2896,34
2897,49
2898,28
2899,26
2900,23
2902,26
2903,29
2904,30
2905,20
2906,23
2907,41
2908,54
2909,40
2912,27
2913,26
2914,25
2915,50
2916,37
2917,31
2918,35
2919,30
2920,22
2921,38
2922,24
2924,24
2925,29
2926,26
2927,23
2928,22
2930,31
2931,32
2932,26
2933,18
2934,29
2935,43
2936,19
2937,34
2938,31
2940,28
2941,27
2942,27
2943,35
2944,26
2945,29
2946,23
2947,23
2948,22
2949,41
2950,16
2951,20
2953,33
2954,23
2955,60
2956,38
2957,52
2958,25
2959,26
2960,32
2961,22
2962,37
2963,27
2964,37
2965,27
2966,20
2968,21
2969,37
2970,44
2972,42
2973,23
2974,22
2975,21
2976,20
2977,41
2978,39
2980,39
2981,26
2982,20
2983,30
2984,22
2985,20
2986,17
2987,27
2988,27
2989,43
2990,34
2993,24
2994,21
2995,46
2997,30
2998,28
2999,30
3000,36
3001,30
3002,24
3003,23
3004,22
3006,27
3007,33
3009,29
3010,20
3011,31
3012,23
3013,21
3014,47
3015,29
3016,28
3017,27
3018,26
3019,24
3020,26
3022,43
3023,21
3025,22
3026,26
3027,38
3028,28
3029,28
3030,29
3031,32
3032,36
3033,46
3034,21
3035,31
3036,28
3037,51
3038,24
3039,23
3040,32
3042,21
3043,69
3044,29
3046,24
3047,24
3048,32
3049,28
3050,29
3051,32
3052,44
3053,27
3054,23
3055,20
3056,19
3057,42
3058,24
3059,36
3060,22
3061,36
3062,19
3063,43
3064,20
3065,34
3066,38
3067,53
3068,21
3069,18
3071,22
3072,64
3073,35
3076,23
3077,31
3078,22
3079,17
3080,31
3081,27
3083,43
3084,25
3085,26
3086,37
3087,38
3088,30
3089,12
3090,34
3091,35
3092,22
3095,24
3096,40
3097,44
3098,25
3099,28
3100,26
3101,32
3102,16
3104,35
3105,34
3106,34
3107,22
3108,50
3109,58
3110,50
3111,38
3113,22
3114,19
3115,25
3116,29
3117,24
3118,16
3119,39
3121,23
3122,40
3123,22
3125,24
3126,26
3127,20
3128,32
3129,31
3130,26
3131,20
3132,28
3133,28
3134,24
3135,47
3136,50
3138,24
3139,35
3140,29
3141,37
3143,35
3144,20
3145,27
3146,26
3147,25
3148,26
3149,20
3150,33
3151,30
3152,37
3153,26
3154,25
3155,30
3156,19
3158,60
3159,29
3160,32
3162,29
3163,31
3164,40
3165,28
3166,33
3167,20
3168,19
3169,25
3170,21
3172,24
3173,25
3174,31
3175,26
3177,37
3179,19
3180,32
3181,41
3182,25
3183,23
3184,21
3185,25
3186,28
3187,37
3189,34
3190,22
3191,34
3192,34
3193,49
3195,49
3196,50
3197,38
3198,35
3200,24
3201,24
3202,27
3203,45
3205,25
3206,27
3207,56
3208,25
3209,36
3210,28
3211,25
3212,34
3213,25
3214,36
3215,42
3216,55
3217,43
3218,34
3219,27
3220,25
3221,46
3222,33
3223,27
3224,26
3226,31
3227,33
3228,30
3229,28
3230,23
3231,30
3232,41
3233,32
3234,26
3235,28
3236,30
3238,32
3239,27
3240,25
3241,70
3242,35
3243,24
3244,34
3245,24
3246,25
3248,36
3249,42
3250,26
3251,24
3252,45
3253,26
3254,56
3255,34
3256,21
3257,24
3258,41
3259,29
3260,25
3261,31
3262,21
3264,27
3265,22
3266,39
3267,37
3268,18
3269,32
3271,37
3272,33
3273,41
3274,33
3275,41
3276,21
3277,32
3278,30
3279,42
3280,20
3281,23
3282,33
3283,29
3284,27
3285,26
3286,29
3287,23
3288,34
3289,30
3290,35
3291,31
3292,25
3293,40
3294,27
3295,23
3296,57
3297,35
3298,21
3300,21
3301,40
3302,23
3303,32
3304,20
3305,28
3306,12
3307,27
3308,27
3309,24
3310,32
3311,26
3312,26
3313,32
3314,24
3315,45
3316,21
3317,48
3319,38
3320,22
3321,31
3322,45
3324,32
3325,14
3327,26
3328,22
3329,21
3330,36
3332,44
3334,22
3335,36
3336,23
3337,28
3338,32
3339,29
3340,24
3341,42
3342,29
3343,32
3344,23
3345,21
3346,33
3347,26
3349,43
3350,29
3351,26
3352,44
3353,27
3354,33
3355,25
3356,48
3357,26
3358,34
3359,20
3360,19
3362,19
3363,21
3364,31
3365,53
3366,46
3367,41
3368,20
3369,27
3370,31
3371,43
3372,25
3373,33
3374,25
3376,32
3377,27
3378,48
3379,33
3380,25
3381,18
3382,22
3383,27
3384,36
3385,22
3386,22
3387,22
3388,21
3389,28
3390,23
3391,22
3392,23
3393,30
3394,24
3396,31
3397,26
3399,22
3400,22
3401,36
3402,47
3403,22
3404,28
3405,25
3406,52
3407,40
3408,40
3409,19
3411,36
3412,50
3413,22
3414,47
3415,29
3416,23
3417,36
3418,43
3419,22
3420,31
3421,26
3422,33
3423,34
3424,18
3425,32
3426,28
3427,32
3428,24
3429,23
3430,35
3431,29
3432,28
3433,46
3434,22
3435,16
3436,45
3437,27
3438,31
3439,24
3440,31
3442,34
3443,24
3444,30
3445,29
3447,27
3449,36
3450,32
3451,20
3452,20
3454,20
3455,28
3458,27
3459,31
3460,27
3461,28
3462,35
3463,23
3464,61
3465,29
3466,29
3467,26
3469,40
3470,42
3472,31
3474,44
3476,26
3477,25
3478,32
3479,24
3480,25
3481,27
3483,31
3484,53
3486,24
3487,26
3488,26
3489,28
3490,30
3491,30
3492,41
3493,32
3494,38
3495,46
3496,24
3497,30
3498,31
3500,19
3501,33
3502,23
3503,24
3504,23
3505,26
3506,31
3507,27
3508,37
3510,33
3511,26
3512,36
3513,33
3515,34
3516,22
3517,30
3518,29
3519,24
3520,23
3521,23
3522,39
3523,25
3524,29
3525,25
3526,29
3527,31
3528,27
3529,27
3530,21
3531,15
3532,54
3533,24
3535,31
3536,35
3537,35
3538,23
3539,26
3541,20
3542,50
3543,27
3544,24
3545,21
3546,28
3547,25
3548,37
3549,24
3552,37
3553,43
3554,25
3555,26
3556,23
3557,37
3558,33
3559,20
3560,39
3561,27
3564,27
3565,24
3566,27
3567,28
3568,26
3569,17
3570,35
3571,26
3572,30
3574,24
3575,38
3576,27
3577,32
3578,32
3579,42
3581,25
3582,41
3584,32
3585,29
3586,24
3587,21
3588,16
3589,30
3590,30
3591,37
3592,28
3593,30
3594,26
3595,27
3596,63
3597,27
3599,25
3600,31
3601,38
3602,27
3603,30
3605,28
3606,23
3607,29
3608,34
3609,20
3610,31
3611,29
3612,20
3614,37
3615,22
3616,22
3617,19
3619,22
3620,39
3621,26
3622,22
3623,35
3626,18
3627,36
3628,23
3629,19
3630,18
3631,16
3632,43
3633,51
3634,30
3635,19
3636,18
3637,23
3638,39
3639,33
3640,28
3641,23
3642,24
3643,30
3644,32
3645,37
3646,34
3647,40
3648,28
3649,27
3650,29
3651,34
3652,35
3653,31
3654,45
3656,42
3657,38
3659,24
3660,37
3661,46
3662,22
3663,35
3664,30
3666,26
3667,35
3668,60
3669,34
3670,30
3671,25
3672,24
3673,38
3674,21
3675,25
3676,25
3677,42
3678,31
3679,36
3680,31
3681,19
3682,28
3683,26
3684,13
3685,31
3687,31
3688,24
3689,39
3691,34
3692,30
3693,24
3694,27
3695,38
3696,42
3697,35
3698,44
3699,36
3700,17
3701,40
3702,28
3703,32
3704,26
3705,29
3706,19
3707,45
3708,19
3709,29
3710,33
3711,29
3712,21
3713,24
3714,24
3715,51
3716,29
3717,28
3718,23
3719,28
3720,26
3721,32
3722,37
3723,21
3724,25
3725,15
3726,29
3727,26
3728,18
3729,25
3730,38
3731,35
3732,44
3733,34
3734,36
3735,32
3736,31
3737,26
3738,20
3739,24
3741,31
3742,26
3743,49
3744,37
3745,20
3746,30
3747,34
3748,35
3749,23
3750,38
3751,35
3752,61
3753,22
3755,37
3757,32
3760,36
3761,43
3763,29
3764,33
3765,33
3766,23
3767,29
3768,25
3769,31
3771,21
3773,28
3774,27
3775,20
3776,25
3777,40
3778,28
3779,27
3781,29
3782,29
3783,34
3784,32
3785,18
3786,27
3787,35
3788,31
3789,30
3790,29
3791,28
3792,44
3794,22
3795,29
3796,26
3797,35
3798,20
3800,18
3801,27
3802,46
3803,28
3805,29
3806,25
3807,28
3808,23
3809,29
3810,42
3811,25
3812,31
3813,35
3814,42
3815,17
3816,25
3817,38
3818,25
3819,27
3820,21
3821,27
3822,29
3823,15
3824,22
3825,42
3826,37
3827,28
3828,33
3829,40
3830,32
3831,26
3832,22
3833,28
3834,21
3835,30
3836,45
3837,27
3838,23
3839,14
3840,18
3841,32
3842,38
3843,23
3845,28
3846,24
3847,41
3848,23
3849,19
3850,31
3852,31
3853,27
3854,26
3856,22
3857,29
3859,36
3860,27
3861,29
3862,26
3863,22
3864,33
3865,23
3866,34
3867,23
3869,40
3870,31
3872,26
3873,24
3874,30
3875,30
3877,34
3878,18
3879,24
3880,22
3881,46
3882,30
3883,35
3884,34
3885,34
3886,35
3887,27
3888,29
3889,24
3890,29
3891,25
3892,25
3893,19
3894,46
3895,37
3896,34
3897,27
3898,21
3899,31
3901,20
3902,26
3905,22
3906,28
3907,36
3908,25
3909,45
3910,24
3911,29
3913,34
3915,39
3916,25
3917,28
3919,48
3920,27
3922,24
3924,30
3925,20
3926,15
3927,28
3928,35
3929,36
3930,26
3931,20
3932,23
3933,40
3935,26
3936,28
3937,22
3938,25
3939,37
3940,27
3941,53
3942,37
3943,33
3944,25
3945,26
3946,24
3947,41
3948,27
3949,30
3950,18
3951,23
3952,22
3953,45
3954,42
3955,30
3956,28
3957,38
3958,24
3959,28
3960,37
3961,31
3962,23
3963,37
3964,22
3965,20
3967,18
3968,23
3969,34
3971,22
3972,16
3973,38
3974,28
3975,24
3976,28
3977,18
3978,32
3979,24
3980,27
3981,22
3982,56
3983,32
3984,27
3985,26
3986,42
3988,21
3989,25
3990,38
3991,46
3992,41
3993,32
3994,22
3995,37
3996,36
3997,34
3998,50
3999,44
4000,25
4001,28
4002,33
4003,17
4004,26
4005,38
4006,35
4007,44
4008,21
4009,31
4011,22
4012,29
4013,37
4014,39
4015,31
4016,29
4017,23
4018,27
4019,46
4020,23
4021,34
4022,39
4023,22
4024,33
4025,21
4026,29
4027,26
4028,36
4029,26
4030,36
4031,42
4032,38
4033,29
4034,19
4035,38
4036,21
4037,24
4038,23
4039,44
4040,17
4041,22
4042,30
4044,30
4045,38
4046,24
4047,27
4048,29
4049,30
4050,20
4051,27
4052,16
4053,18
4054,32
4055,31
4056,24
4057,34
4058,33
4059,14
4060,39
4061,43
4062,29
4063,23
4064,25
4065,52
4066,38
4068,30
4069,29
4070,20
4071,25
4072,23
4073,35
4074,30
4075,22
4076,22
4077,15
4078,29
4079,33
4080,30
4081,36
4082,24
4083,34
4084,29
4085,68
4086,32
4087,23
4090,42
4091,28
4092,26
4093,24
4094,32
4095,18
4096,40
4098,35
4099,23
4100,47
4101,39
4102,21
4103,53
4104,45
4105,30
4106,30
4107,20
4108,28
4109,34
4110,38
4111,38
4112,27
4113,32
4114,22
4115,30
4116,41
4117,36
4118,22
4119,19
4121,29
4122,47
4123,30
4124,38
4125,36
4126,23
4127,28
4128,35
4129,27
4131,26
4132,27
4133,26
4134,23
4136,19
4137,39
4138,24
4139,53
4140,25
4141,25
4142,35
4143,36
4144,19
4145,23
4146,28
4147,30
4149,32
4150,51
4151,28
4154,25
4156,19
4157,63
4158,24
4160,22
4161,37
4162,25
4163,31
4164,32
4165,36
4166,22
4167,35
4168,27
4169,27
4170,29
4171,25
4172,27
4173,25
4174,20
4175,26
4177,44
4178,25
4179,19
4180,23
4181,26
4182,36
4183,24
4184,30
4185,26
4186,33
4187,62
4188,25
4189,41
4190,20
4191,18
4192,33
4193,38
4194,23
4195,26
4196,30
4197,36
4198,26
4199,24
4200,24
4201,31
4202,19
4203,46
4204,25
4205,19
4206,22
4207,33
4209,28
4211,30
4212,27
4213,29
4214,31
4215,31
4216,39
4217,19
4218,54
4219,45
4220,28
4221,43
4222,37
4223,34
4224,22
4225,24
4226,22
4227,39
4228,30
4229,30
4230,53
4231,46
4232,22
4233,28
4234,26
4235,28
4236,22
4237,24
4238,33
4239,33
4240,32
4241,26
4242,30
4243,21
4244,31
4245,22
4246,38
4250,22
4251,24
4252,33
4253,35
4254,28
4255,25
4256,22
4257,19
4258,25
4260,27
4261,23
4262,33
4263,23
4264,37
4265,30
4266,41
4267,22
4268,18
4269,36
4270,56
4272,35
4273,31
4274,30
4276,29
4277,28
4278,45
4280,30
4281,37
4284,31
4285,25
4286,27
4287,25
4288,19
4289,28
4290,29
4292,33
4293,38
4295,34
4296,22
4297,30
4298,30
4299,25
4300,42
4301,21
4302,28
4303,32
4304,29
4305,30
4306,25
4308,21
4309,25
4310,37
4311,48
4312,24
4313,19
4314,36
4315,24
4316,16
4317,17
4318,35
4319,26
4320,20
4321,42
4322,27
4323,30
4324,29
4325,29
4326,26
4327,25
4328,24
4329,40
4330,29
4331,33
4332,43
4333,47
4334,27
4335,33
4336,21
4337,23
4338,36
4339,35
4340,29
4341,24
4342,18
4343,14
4344,41
4345,46
4346,29
4347,29
4348,28
4349,26
4350,22
4351,32
4352,30
4353,30
4354,34
4355,21
4356,17
4357,41
4358,39
4359,28
4361,22
4362,20
4363,21
4365,25
4366,27
4367,26
4368,25
4370,25
4371,28
4372,22
4373,42
4374,22
4375,38
4376,33
4377,43
4378,24
4379,30
4381,23
4382,22
4383,22
4384,28
4385,27
4386,28
4387,32
4389,27
4390,48
4391,35
4392,34
4394,26
4395,28
4396,21
4397,27
4398,40
4399,40
4400,14
4401,55
4402,36
4403,38
4404,29
4405,25
4407,31
4408,30
4409,36
4410,58
4411,21
4412,54
4413,41
4414,23
4415,25
4416,49
4417,26
4418,40
4419,33
4420,35
4421,24
4422,34
4423,25
4424,30
4425,32
4426,27
4427,28
4428,40
4431,30
4432,24
4433,48
4434,23
4435,30
4436,50
4437,26
4439,24
4440,23
4441,30
4442,35
4443,24
4445,31
4446,42
4447,23
4448,36
4450,31
4451,36
4452,29
4453,24
4454,34
4455,35
4457,23
4458,37
4459,27
4460,34
4461,23
4462,42
4463,26
4464,23
4465,25
4466,29
4467,34
4468,23
4469,35
4470,19
4471,20
4472,31
4473,27
4474,28
4475,24
4476,42
4477,23
4478,21
4479,23
4480,30
4481,28
4482,50
4483,26
4484,37
4485,26
4486,23
4487,37
4488,17
4489,37
4490,40
4491,24
4492,25
4493,21
4494,28
4495,25
4496,18
4497,38
4498,27
4499,15
4502,27
4503,28
4504,32
4505,39
4506,29
4507,23
4509,32
4510,27
4511,22
4513,35
4514,27
4515,43
4516,33
4517,30
4518,36
4519,26
4520,40
4521,22
4522,28
4523,31
4524,38
4525,21
4526,40
4527,36
4528,27
4529,32
4530,22
4532,43
4533,28
4534,24
4535,24
4536,40
4537,26
4538,38
4539,39
4541,20
4543,32
4544,26
4545,34
4546,11
4548,27
4549,18
4550,53
4551,37
4552,28
4554,31
4555,31
4556,33
4557,58
4558,43
4560,26
4562,30
4564,30
4565,43
4566,24
4567,41
4568,19
4570,37
4571,23
4572,36
4573,71
4574,26
4576,25
4577,27
4578,38
4579,23
4580,28
4581,27
4582,21
4584,19
4585,24
4586,33
4588,26
4589,21
4590,40
4591,32
4592,29
4593,27
4595,23
4596,30
4597,26
4599,39
4600,18
4601,32
4602,57
4603,22
4604,34
4605,18
4606,22
4607,32
4608,31
4609,27
4610,17
4611,20
4614,41
4615,13
4616,32
4617,21
4618,23
4619,13
4621,32
4622,36
4623,33
4624,32
4626,24
4627,18
4628,29
4629,35
4630,24
4632,37
4633,30
4634,25
4635,25
4636,48
4637,28
4638,27
4639,22
4640,25
4641,36
4642,39
4643,29
4644,25
4646,22
4647,38
4648,36
4649,29
4650,34
4651,37
4652,19
4653,36
4654,25
4655,26
4656,31
4658,24
4659,25
4660,13
4661,21
4662,26
4663,19
4664,20
4665,29
4666,50
4667,31
4668,26
4669,26
4671,27
4672,33
4673,27
4674,31
4675,27
4676,36
4677,40
4678,32
4679,27
4680,35
4682,29
4683,18
4685,39
4686,24
4687,30
4688,35
4689,58
4690,29
4691,25
4692,26
4693,32
4694,36
4695,30
4696,38
4697,30
4698,44
4699,29
4700,33
4702,43
4703,23
4704,22
4705,22
4706,23
4707,26
4708,20
4709,30
4710,29
4711,36
4712,25
4713,34
4714,24
4715,28
4716,23
4717,30
4718,28
4719,26
4720,20
4721,60
4724,27
4725,38
4726,40
4728,37
4729,50
4730,20
4731,35
4732,29
4733,21
4734,22
4735,17
4736,27
4738,44
4739,27
4740,24
4741,34
4742,34
4743,20
4744,24
4745,23
4746,36
4747,40
4748,22
4749,21
4750,32
4751,23
4752,29
4753,40
4754,22
4755,36
4756,45
4757,35
4758,31
4759,24
4760,42
4761,20
4762,33
4763,21
4764,68
4765,33
4766,27
4767,42
4768,24
4770,20
4771,28
4772,15
4773,23
4774,36
4776,23
4777,32
4778,30
4779,25
4780,33
4781,20
4782,22
4783,21
4784,17
4785,38
4788,45
4789,27
4790,23
4791,29
4792,36
4793,30
4794,31
4795,34
4796,32
4797,33
4798,30
4800,46
4803,36
4804,37
4806,24
4807,26
4808,30
4810,29
4811,19
4812,31
4813,38
4814,31
4815,29
4816,33
4817,19
4818,34
4819,20
4820,28
4821,19
4822,23
4824,27
4825,36
4826,27
4828,37
4829,14
4830,29
4831,32
4832,25
4833,40
4835,35
4836,27
4837,59
4838,22
4839,19
4840,23
4841,3
4842,24
4844,18
4845,22
4846,42
4847,37
4848,20
4849,21
4850,30
4852,37
4853,27
4854,49
4855,35
4856,38
4858,26
4859,30
4860,27
4862,32
4863,20
4864,44
4865,33
4866,33
4867,31
4868,21
4869,29
4870,27
4872,30
4873,25
4875,19
4877,28
4878,31
4879,31
4880,21
4881,41
4882,41
4883,23
4884,29
4885,33
4886,33
4887,35
4888,27
4889,36
4890,26
4891,30
4892,36
4893,62
4894,18
4895,33
4896,28
4897,23
4898,50
4899,28
4900,31
4901,32
4902,23
4903,27
4904,21
4905,25
4907,28
4908,20
4909,22
4910,48
4911,29
4913,28
4914,45
4915,36
4916,46
4917,29
4918,41
4919,23
4920,28
4921,47
4922,52
4923,32
4925,21
4926,40
4927,41
4928,23
4929,32
4930,24
4931,28
4932,28
4935,21
4936,15
4937,21
4939,18
4940,48
4941,29
4942,25
4943,45
4944,20
4945,44
4946,32
4947,19
4949,23
4951,24
4952,52
4953,50
4954,33
4956,25
4957,28
4960,18
4961,50
4962,28
4963,26
4964,36
4965,28
4967,32
4968,33
4969,23
4971,30
4972,41
4973,26
4975,13
4976,27
4977,48
4978,29
4979,15
4980,33
4981,41
4982,36
4983,34
4984,33
4985,22
4986,23
4987,29
4988,20
4989,26
4990,27
4991,42
4992,22
4993,26
4994,34
4995,12
4996,22
4997,28
4998,20
4999,22
5000,17
5001,23
5002,15
5003,26
5004,23
5005,36
5006,47
5007,23
5008,32
5009,30
5010,47
5011,26
5012,25
5013,22
5015,24
5016,25
5017,28
5018,30
5019,20
5020,23
5021,30
5022,26
5023,24
5024,36
5025,30
5026,13
5028,25
5029,21
5030,23
5031,42
5032,41
5033,28
5034,45
5035,48
5036,38
5037,35
5038,30
5039,29
5041,38
5043,29
5044,19
5045,60
5046,33
5047,32
5048,28
5049,25
5050,36
5051,25
5053,35
5054,26
5055,28
5056,26
5057,29
5058,22
5060,35
5061,23
5063,25
5064,71
5065,20
5066,32
5067,26
5068,25
5069,26
5070,25
5071,29
5073,27
5075,32
5076,41
5077,25
5078,34
5082,23
5083,27
5084,25
5085,26
5086,37
5087,30
5088,26
5089,46
5092,26
5093,22
5094,33
5095,27
5096,38
5097,28
5098,29
5099,58
5100,25
5101,24
5102,22
5103,38
5104,25
5105,40
5106,36
5107,52
5108,25
5109,31
5110,23
5111,25
5112,33
5113,33
5114,42
5115,26
5116,25
5117,33
5118,29
5119,35
5120,19
5121,20
5122,28
5123,30
5124,28
5125,23
5126,34
5127,27
5129,37
5130,29
5131,43
5132,22
5135,20
5136,21
5137,38
5138,23
5139,27
5140,28
5141,27
5142,33
5143,39
5145,38
5146,33
5147,21
5148,27
5149,47
5150,29
5151,54
5152,20
5153,20
5154,27
5155,23
5156,59
5157,27
5158,23
5159,22
5160,23
5161,22
5162,27
5163,39
5164,40
5165,30
5166,23
5167,29
5168,46
5169,40
5170,31
5171,22
5172,22
5173,32
5174,33
5175,21
5177,27
5178,28
5179,19
5181,42
5183,26
5184,32
5185,30
5186,29
5187,31
5188,33
5189,29
5190,28
5191,21
5192,20
5193,30
5194,32
5195,26
5196,22
5197,27
5198,27
5199,23
5201,21
5202,21
5203,23
5204,29
5205,29
5206,30
5207,24
5208,20
5209,32
5210,31
5211,38
5212,57
5213,27
5214,25
5215,53
5216,54
5218,52
5219,23
5220,39
5221,31
5222,28
5223,28
5224,29
5225,53
5226,21
5227,55
5228,18
5229,25
5230,28
5231,37
5232,20
5233,22
5234,27
5235,25
5236,21
5238,30
5240,44
5241,21
5242,27
5244,30
5245,50
5246,25
5247,25
5248,32
5249,39
5250,24
5251,31
5252,27
5253,22
5254,50
5255,51
5256,71
5258,29
5259,34
5260,24
5261,26
5263,23
5264,58
5266,34
5267,27
5268,20
5269,29
5270,40
5271,36
5272,44
5273,20
5274,21
5275,35
5276,28
5277,39
5278,29
5279,30
5280,35
5282,45
5283,27
5284,22
5286,19
5287,21
5288,28
5290,34
5291,34
5292,23
5293,24
5294,21
5295,20
5296,20
5297,27
5298,24
5299,30
5300,24
5301,29
5302,32
5304,37
5305,35
5306,27
5307,36
5308,20
5309,33
5310,27
5311,33
5312,32
5313,40
5315,23
5316,42
5317,27
5318,31
5319,30
5320,38
5321,34
5322,33
5323,28
5324,35
5325,33
5326,55
5327,24
5328,24
5329,25
5330,33
5331,28
5332,22
5333,61
5334,22
5335,29
5336,22
5337,35
5338,30
5339,31
5340,26
5341,34
5342,19
5343,16
5344,36
5346,24
5347,30
5348,17
5349,42
5350,35
5351,40
5352,38
5353,29
5354,29
5355,33
5356,26
5357,26
5360,22
5361,31
5362,31
5363,42
5364,55
5365,25
5366,28
5367,21
5368,26
5369,32
5370,29
5371,21
5372,30
5373,25
5374,40
5375,31
5376,43
5377,32
5378,28
5379,34
5380,35
5381,22
5382,22
5383,27
5384,30
5385,30
5386,55
5387,20
5388,36
5389,21
5390,26
5392,18
5393,39
5394,48
5395,25
5396,21
5397,39
5399,54
5400,35
5401,26
5402,48
5403,21
5404,49
5406,30
5407,42
5408,44
5409,25
5410,37
5411,22
5412,34
5413,25
5415,26
5416,21
5418,26
5419,27
5420,26
5422,24
5423,41
5424,20
5425,14
5426,18
5427,27
5428,20
5430,23
5431,41
5432,30
5433,30
5435,23
5436,20
5437,25
5438,26
5440,21
5441,15
5442,58
5443,20
5444,24
5445,48
5446,28
5447,43
5448,27
5449,24
5450,27
5451,29
5452,22
5453,23
5454,23
5455,23
5457,35
5458,22
5460,28
5461,36
5462,27
5463,25
5464,25
5465,21
5466,33
5467,17
5468,18
5469,31
5470,26
5471,26
5472,31
5473,29
5474,32
5475,38
5476,24
5478,32
5479,22
5480,21
5482,26
5483,39
5484,38
5485,97
5486,27
5487,30
5488,28
5489,50
5490,18
5491,24
5492,26
5493,25
5494,35
5495,17
5496,31
5497,36
5498,22
5499,28
5500,23
5501,23
5502,34
5503,26
5505,50
5506,35
5507,29
5508,29
5509,31
5510,33
5511,29
5512,22
5513,34
5514,30
5515,30
5516,26
5517,41
5519,31
5520,24
5521,20
5522,33
5523,21
5524,29
5525,29
5526,20
5527,35
5528,25
5529,37
5530,26
5531,23
5532,30
5533,22
5534,38
5535,27
5536,23
5537,26
5538,27
5539,31
5541,29
5542,21
5543,24
5544,32
5545,20
5546,27
5548,19
5549,31
5550,26
5552,28
5553,34
5554,21
5555,31
5556,30
5557,26
5558,38
5559,26
5560,25
5561,22
5562,28
5563,31
5564,31
5565,29
5566,33
5567,19
5568,34
5569,26
5570,14
5573,51
5574,20
5575,23
5576,28
5577,27
5578,22
5579,22
5580,26
5581,27
5582,25
5583,45
5584,33
5585,24
5586,32
5587,42
5588,20
5589,54
5590,15
5591,21
5592,13
5593,34
5594,34
5595,26
5596,38
5597,28
5598,34
5599,47
5600,37
5601,31
5602,35
5603,58
5604,47
5605,35
5606,41
5607,38
5608,31
5609,30
5610,40
5611,34
5612,37
5613,33
5614,18
5615,22
5616,23
5618,38
5619,14
5620,42
5621,18
5622,24
5623,36
5624,23
5625,37
5626,27
5627,45
5628,45
5629,23
5630,16
5631,34
5632,41
5634,34
5636,45
5637,39
5639,33
5640,36
5641,31
5642,25
5643,25
5644,26
5645,16
5647,38
5648,30
5649,28
5650,29
5651,36
5652,19
5653,23
5654,24
5655,23
5656,30
5657,45
5658,38
5660,51
5661,27
5662,23
5663,25
5664,13
5665,18
5666,24
5667,30
5668,24
5669,38
5670,34
5671,28
5672,32
5673,29
5675,34
5676,29
5677,32
5678,28
5679,22
5680,44
5681,22
5683,25
5684,53
5685,53
5686,23
5687,37
5691,35
5692,26
5693,49
5694,35
5695,16
5696,33
5697,26
5698,36
5699,45
5700,24
5702,33
5703,28
5704,19
5705,21
5706,34
5707,38
5708,30
5709,32
5710,30
5711,36
5712,26
5713,36
5714,25
5715,28
5716,24
5717,30
5718,24
5719,36
5720,29
5721,29
5722,34
5723,37
5724,40
5725,22
5726,47
5727,62
5728,30
5729,28
5730,30
5731,36
5732,39
5733,23
5734,35
5736,41
5737,24
5738,35
5739,29
5740,49
5741,20
5742,45
5743,23
5744,28
5745,38
5746,29
5747,25
5748,35
5749,35
5750,27
5751,26
5752,29
5753,23
5754,31
5755,28
5756,67
5757,23
5759,24
5760,30
5761,23
5762,23
5763,42
5764,23
5765,29
5766,32
5767,28
5768,25
5769,26
5771,36
5772,30
5773,23
5774,26
5775,33
5776,27
5777,24
5778,21
5779,23
5780,30
5782,22
5783,33
5784,24
5785,27
5786,25
5787,32
5788,35
5789,13
5790,26
5791,33
5792,28
5793,15
5794,25
5796,35
5797,30
5798,26
5800,27
5801,19
5802,35
5803,50
5804,30
5805,34
5806,39
5807,30
5808,37
5811,22
5812,28
5813,34
5814,19
5815,39
5816,16
5817,50
5818,25
5819,38
5820,35
5821,24
5822,32
5825,31
5826,26
5827,25
5828,38
5829,30
5830,33
5832,27
5834,30
5835,39
5837,13
5838,23
5839,27
5841,39
5842,24
5843,34
5844,28
5845,27
5846,47
5847,32
5848,25
5849,42
5850,29
5851,37
5852,32
5853,19
5854,25
5855,32
5856,38
5857,32
5858,27
5859,34
5860,22
5861,26
5862,29
5864,23
5865,20
5866,26
5868,24
5869,25
5870,24
5872,30
5874,38
5875,31
5876,27
5877,34
5878,49
5879,26
5880,27
5881,38
5882,28
5883,30
5884,33
5885,41
5886,28
5887,35
5888,24
5889,29
5890,17
5891,35
5892,45
5893,24
5894,46
5895,31
5896,27
5897,30
5898,71
5899,31
5900,34
5901,35
5902,20
5903,37
5904,51
5905,22
5906,23
5907,28
5908,18
5909,67
5910,34
5911,31
5912,23
5913,32
5915,34
5916,22
5917,25
5918,43
5919,32
5920,41
5921,25
5922,38
5923,38
5924,13
5925,31
5926,50
5927,32
5928,24
5929,26
5930,27
5931,34
5932,27
5933,25
5934,34
5935,39
5936,29
5937,28
5938,26
5939,29
5940,19
5941,44
5942,22
5943,32
5944,26
5945,26
5946,24
5948,44
5949,30
5950,28
5951,26
5952,25
5953,27
5954,24
5955,31
5956,30
5957,25
5958,27
5960,37
5961,32
5962,32
5963,26
5964,34
5966,20
5967,31
5969,68
5970,29
5971,29
5972,34
5973,19
5974,34
5975,56
5976,41
5977,35
5978,28
5979,24
5982,20
5983,27
5984,23
5985,31
5986,25
5987,35
5988,26
5989,21
5990,31
5993,32
5994,53
5995,15
5996,31
5997,26
5998,31
5999,21
6000,36
6001,30
6002,23
6003,25
6005,37
6006,49
6007,22
6008,26
6009,27
6010,34
6011,19
6012,29
6013,33
6015,45
6016,23
6017,34
6019,25
6020,35
6022,19
6023,35
6026,41
6027,21
6028,27
6029,20
6030,36
6031,63
6032,30
6033,27
6034,40
6035,23
6036,17
6037,26
6039,28
6040,23
6041,23
6042,24
6044,27
6045,38
6046,26
6047,26
6048,25
6049,43
6050,24
6051,31
6052,24
6053,39
6054,24
6055,33
6056,22
6057,29
6058,24
6059,21
6060,24
6061,24
6062,20
6063,30
6064,29
6065,38
6066,24
6067,27
6068,56
6069,30
6070,36
6071,24
6075,31
6076,24
6077,35
6079,32
6080,30
6081,25
6082,33
6084,24
6085,26
6086,26
6087,34
6088,21
6089,22
6090,35
6091,40
6093,36
6094,47
6095,29
6096,27
6097,24
6098,41
6099,28
6101,35
6102,25
6103,18
6104,32
6105,38
6106,32
6107,30
6108,50
6109,23
6111,31
6112,26
6113,27
6114,23
6115,28
6116,37
6117,32
6118,23
6119,27
6120,39
6121,38
6122,37
6123,29
6124,30
6125,37
6126,24
6127,20
6128,20
6129,20
6131,52
6132,31
6133,39
6134,31
6135,25
6136,28
6139,26
6141,19
6142,56
6145,26
6146,32
6147,30
6148,19
6149,16
6150,25
6151,20
6152,21
6154,20
6155,19
6156,29
6157,28
6158,23
6159,29
6160,32
6162,35
6163,23
6164,30
6165,39
6166,30
6167,35
6168,24
6169,22
6170,31
6171,31
6172,38
6173,28
6174,26
6175,20
6177,35
6178,24
6179,43
6180,28
6181,34
6182,44
6183,45
6184,38
6185,17
6186,26
6187,25
6188,48
6190,30
6191,27
6192,24
6193,30
6194,56
6195,29
6196,40
6197,24
6198,35
6199,19
6200,29
6201,26
6202,24
6203,23
6204,32
6205,32
6206,40
6207,30
6209,21
6210,41
6211,24
6212,36
6213,30
6214,26
6217,27
6219,35
6220,33
6221,24
6222,35
6224,25
6225,24
6226,12
6227,24
6228,36
6229,29
6230,21
6231,32
6232,35
6233,35
6235,30
6236,21
6237,24
6238,32
6239,77
6240,23
6241,26
6242,22
6243,28
6244,26
6245,24
6246,22
6247,29
6248,22
6249,26
6250,25
6251,25
6253,33
6255,24
6256,30
6257,50
6259,39
6260,28
6261,30
6262,28
6263,24
6264,26
6265,31
6266,32
6267,25
6268,37
6269,36
6270,36
6273,33
6274,43
6275,13
6277,23
6278,48
6279,18
6280,37
6281,28
6282,27
6284,41
6285,41
6286,29
6287,30
6288,25
6289,28
6290,47
6291,47
6292,39
6293,43
6295,17
6296,19
6297,37
6299,34
6300,25
6301,29
6302,30
6303,21
6304,25
6305,34
6306,20
6307,27
6308,19
6309,26
6310,35
6311,58
6312,46
6313,19
6315,20
6316,24
6318,64
6319,28
6320,39
6321,19
6322,22
6323,30
6324,23
6325,24
6326,23
6327,20
6328,28
6329,39
6331,26
6332,33
6333,31
6335,38
6336,22
6338,20
6339,46
6340,29
6341,29
6344,25
6345,18
6346,27
6347,37
6348,29
6350,33
6351,27
6352,23
6353,31
6354,18
6355,35
6356,33
6357,22
6358,21
6359,18
6360,21
6362,31
6363,32
6364,33
6365,18
6366,25
6367,35
6368,45
6369,28
6370,21
6371,36
6373,23
6374,22
6375,22
6376,57
6377,32
6378,34
6379,18
6381,36
6383,23
6384,30
6385,35
6386,37
6387,19
6388,30
6389,37
6390,21
6391,34
6392,31
6393,21
6394,22
6395,25
6396,22
6397,22
6398,46
6399,42
6400,44
6401,35
6402,43
6403,29
6404,29
6405,25
6406,38
6407,19
6408,25
6409,39
6411,59
6412,37
6413,29
6414,31
6415,27
6416,23
6418,24
6419,34
6420,28
6421,52
6422,49
6423,34
6424,29
6426,41
6427,21
6428,29
6429,39
6430,29
6431,36
6432,63
6433,22
6434,24
6435,24
6436,26
6437,30
6438,25
6439,36
6440,30
6441,32
6442,21
6443,22
6444,22
6445,29
6446,39
6447,29
6448,25
6449,21
6450,25
6451,32
6452,30
6453,21
6454,29
6455,30
6457,35
6458,36
6459,24
6461,37
6463,34
6466,32
6467,40
6468,26
6470,25
6471,22
6472,26
6473,27
6474,22
6475,35
6476,24
6478,31
6479,24
6480,42
6482,24
6483,38
6484,28
6485,38
6486,21
6487,38
6488,22
6489,41
6490,25
6491,31
6492,29
6493,23
6494,22
6495,31
6496,19
6498,37
6499,29
6502,33
6503,34
6504,36
6505,30
6506,36
6507,43
6508,27
6509,30
6510,29
6511,29
6512,27
6513,53
6515,25
6516,29
6517,32
6518,31
6519,44
6520,27
6521,38
6524,38
6526,29
6527,29
6528,20
6529,34
6530,31
6532,31
6533,30
6534,23
6535,29
6537,24
6538,51
6539,31
6540,39
6541,25
6542,33
6543,32
6544,40
6546,33
6547,30
6548,38
6549,29
6550,26
6552,41
6553,30
6554,29
6555,22
6556,22
6557,45
6558,25
6560,52
6561,23
6562,32
6565,31
6566,37
6567,34
6569,30
6570,74
6571,37
6572,40
6573,23
6574,25
6576,27
6577,25
6578,29
6579,28
6580,28
6582,45
6583,30
6584,46
6585,17
6586,30
6587,19
6588,21
6589,26
6590,24
6592,29
6595,33
6596,26
6597,19
6598,30
6599,24
6600,29
6601,25
6602,25
6603,19
6604,43
6605,33
6606,27
6607,35
6608,25
6609,22
6610,30
6611,34
6612,32
6613,36
6614,23
6615,23
6616,33
6617,27
6618,31
6619,29
6620,27
6621,29
6622,31
6623,21
6625,22
6626,14
6627,15
6628,31
6629,27
6630,37
6631,23
6632,40
6633,20
6634,25
6635,18
6637,24
6638,23
6640,26
6641,32
6642,45
6643,26
6644,39
6645,39
6646,28
6647,24
6648,45
6650,21
6652,44
6653,27
6654,18
6655,35
6656,28
6657,26
6658,39
6659,35
6660,23
6661,34
6662,30
6663,27
6664,53
6665,28
6666,31
6667,53
6668,29
6669,36
6670,37
6671,36
6672,20
6673,42
6675,24
6676,26
6677,39
6678,38
6679,27
6680,24
6682,32
6683,22
6685,32
6686,27
6687,21
6688,24
6689,48
6690,22
6691,25
6692,31
6693,33
6694,33
6695,33
6696,27
6697,45
6698,29
6699,23
6700,28
6701,35
6702,27
6703,21
6704,27
6705,27
6706,34
6707,36
6708,26
6709,26
6710,43
6711,31
6712,22
6714,21
6715,39
6716,36
6717,24
6718,35
6719,28
6720,29
6721,34
6722,30
6723,31
6724,52
6725,34
6727,31
6728,29
6729,23
6730,32
6733,41
6735,24
6736,46
6737,38
6738,25
6739,23
6740,27
6741,30
6742,25
6744,23
6746,29
6747,33
6749,25
6752,36
6753,27
6754,31
6755,22
6756,25
6757,45
6758,56
6759,24
6760,19
6761,21
6762,50
6763,35
6765,33
6766,30
6767,48
6768,25
6769,22
6771,28
6772,27
6774,33
6775,24
6776,24
6777,27
6778,26
6779,22
6780,21
6781,28
6782,30
6783,21
6784,36
6785,54
6786,25
6787,19
6788,30
6790,21
6791,45
6792,28
6793,28
6794,17
6795,18
6796,26
6797,18
6798,40
6799,34
6800,36
6801,28
6802,27
6803,42
6804,24
6805,25
6806,22
6807,37
6808,20
6809,32
6810,27
6811,22
6812,22
6813,23
6814,27
6816,29
6817,26
6818,48
6819,43
6820,41
6822,28
6823,35
6824,21
6825,21
6826,30
6827,25
6828,27
6829,21
6830,29
6831,25
6832,24
6833,40
6834,26
6836,34
6837,26
6838,27
6840,27
6841,18
6843,29
6844,16
6845,29
6846,27
6847,30
6848,36
6849,50
6850,20
6851,28
6852,31
6853,29
6854,42
6855,39
6856,31
6857,39
6858,40
6859,27
6860,28
6861,35
6862,25
6863,25
6865,25
6867,27
6868,28
6869,33
6870,24
6871,37
6872,34
6874,24
6875,35
6877,37
6878,37
6879,25
6880,34
6881,26
6882,62
6883,25
6884,24
6886,47
6887,37
6888,21
6889,27
6890,23
6891,60
6892,22
6893,22
6894,45
6895,29
6896,45
6898,23
6899,29
6901,31
6902,29
6903,22
6904,22
6905,28
6906,30
6907,19
6908,29
6909,29
6910,28
6911,39
6912,37
6913,37
6914,30
6917,22
6918,34
6919,18
6920,43
6921,25
6922,38
6923,28
6924,24
6925,31
6926,29
6927,33
6928,33
6929,20
6930,39
6931,32
6932,32
6933,26
6934,52
6936,37
6937,34
6938,30
6939,36
6940,34
6941,48
6943,30
6944,69
6945,25
6946,33
6949,36
6951,29
6952,32
6953,40
6954,28
6955,26
6956,30
6957,37
6959,20
6960,27
6961,37
6962,30
6963,22
6964,24
6965,25
6966,39
6967,29
6968,27
6969,24
6970,42
6972,31
6973,22
6974,30
6975,21
6976,51
6977,39
6978,35
6979,14
6980,31
6981,37
6982,30
6983,54
6984,21
6985,27
6986,22
6988,12
6989,30
6990,29
6991,21
6992,35
6993,48
6994,29
6995,31
6996,26
6997,37
6998,27
6999,27
7000,29
7001,42
7002,36
7003,22
7004,24
7005,35
7006,29
7007,31
7008,29
7009,67
7010,26
7011,55
7012,37
7013,28
7014,33
7015,32
7017,31
7019,32
7021,16
7022,50
7023,31
7024,27
7025,25
7026,26
7027,28
7029,20
7030,49
7031,38
7032,28
7033,33
7035,18
7036,42
7037,42
7038,28
7039,30
7040,47
7041,31
7042,35
7043,22
7044,24
7045,24
7046,32
7047,39
7049,23
7050,19
7051,23
7052,40
7053,25
7055,36
7056,26
7057,41
7059,29
7060,35
7061,32
7062,25
7063,39
7064,24
7065,33
7066,27
7067,16
7068,21
7070,30
7071,15
7072,30
7073,30
7074,30
7076,43
7077,26
7078,29
7080,33
7081,34
7082,21
7083,38
7084,32
7085,26
7086,30
7087,24
7088,29
7090,29
7091,32
7093,29
7095,32
7096,36
7097,36
7098,25
7099,18
7100,27
7102,40
7103,43
7104,28
7105,29
7106,30
7107,17
7108,36
7109,29
7110,25
7112,37
7113,23
7114,33
7116,25
7117,58
7118,28
7119,28
7120,39
7121,23
7122,24
7123,26
7124,43
7125,34
7126,15
7127,21
7128,29
7129,34
7130,23
7131,29
7132,22
7134,46
7135,24
7136,39
7137,27
7138,37
7139,28
7140,30
7141,23
7142,36
7143,33
7144,31
7145,22
7146,29
7147,44
7148,23
7150,24
7151,29
7152,26
7153,32
7154,25
7155,26
7156,28
7158,41
7161,28
7162,16
7163,22
7164,42
7165,26
7166,26
7167,17
7168,27
7169,32
7170,16
7171,47
7172,42
7173,26
7174,35
7175,28
7177,78
7178,19
7179,32
7180,35
7181,45
7182,16
7183,32
7184,39
7185,22
7186,34
7187,25
7188,24
7189,17
7190,34
7191,27
7192,31
7193,15
7194,34
7195,28
7197,35
7198,43
7199,28
7200,28
7201,20
7202,51
7203,27
7204,22
7205,34
7206,21
7208,20
7209,35
7210,22
7211,18
7212,23
7213,35
7214,24
7215,35
7216,60
7217,31
7218,29
7219,34
7220,33
7222,25
7223,31
7224,29
7225,25
7226,21
7227,30
7228,22
7229,24
7231,34
7232,24
7233,26
7234,29
7235,43
7238,26
7239,33
7241,23
7242,23
7243,27
7244,24
7245,22
7246,22
7247,22
7248,40
7249,48
7250,24
7251,33
7252,26
7253,19
7254,36
7255,22
7257,23
7258,36
7259,35
7260,18
7261,18
7262,18
7263,24
7264,31
7265,56
7266,30
7267,25
7268,26
7269,27
7270,30
7271,22
7272,21
7273,21
7274,35
7275,38
7276,33
7277,57
7278,37
7279,22
7280,28
7281,27
7282,43
7283,22
7284,34
7285,32
7287,29
7288,27
7289,25
7291,31
7292,28
7293,17
7294,29
7295,20
7296,25
7297,35
7298,23
7299,25
7300,36
7301,30
7302,26
7303,23
7304,21
7305,42
7306,26
7307,33
7308,29
7309,31
7310,46
7311,67
7312,25
7313,61
7314,29
7315,30
7316,50
7317,42
7318,26
7319,24
7320,36
7321,24
7322,30
7323,32
7325,34
7326,37
7327,37
7328,20
7329,49
7330,44
7331,28
7332,21
7333,24
7334,35
7335,37
7337,22
7338,32
7339,27
7340,27
7341,37
7342,27
7344,23
7345,27
7347,23
7348,18
7349,24
7350,64
7351,20
7352,30
7354,29
7355,37
7356,37
7357,50
7358,31
7359,23
7360,22
7361,21
7362,38
7364,27
7365,24
7366,29
7367,14
7369,35
7370,68
7371,44
7372,33
7374,27
7375,30
7376,45
7377,41
7379,32
7380,23
7381,38
7382,31
7383,38
7384,20
7385,31
7386,47
7387,25
7388,26
7389,31
7390,26
7391,28
7392,21
7393,29
7394,39
7395,25
7396,33
7397,30
7398,27
7399,23
7401,27
7402,33
7403,38
7404,52
7405,25
7406,35
7407,29
7408,23
7409,30
7410,26
7411,20
7412,30
7413,30
7414,23
7415,18
7416,46
7417,18
7418,36
7419,27
7420,23
7421,17
7422,32
7423,27
7424,32
7425,30
7426,48
7428,25
7429,19
7430,50
7431,22
7432,24
7433,35
7434,33
7435,25
7436,34
7437,19
7439,72
7440,23
7441,23
7442,26
7443,29
7444,30
7445,33
7446,33
7447,26
7448,46
7449,43
7450,32
7451,39
7452,28
7453,66
7454,27
7455,23
7456,25
7457,32
7458,22
7459,23
7460,38
7462,46
7463,22
7464,46
7465,21
7466,33
7467,49
7468,31
7469,36
7470,49
7472,28
7473,15
7474,36
7475,25
7476,49
7477,39
7479,29
7480,36
7481,19
7482,35
7483,36
7484,31
7486,21
7487,21
7489,35
7490,28
7491,27
7492,34
7493,26
7494,36
7495,25
7496,26
7497,37
7498,26
7499,35
7500,50
7501,21
7502,29
7503,34
7507,21
7508,18
7509,25
7510,28
7512,32
7513,31
7514,22
7515,24
7516,28
7517,30
7518,28
7519,23
7520,33
7521,39
7523,40
7524,30
7525,21
7526,22
7527,19
7530,23
7531,28
7532,24
7533,11
7534,23
7535,32
7536,32
7537,32
7538,37
7539,24
7540,27
7541,37
7543,33
7544,21
7545,25
7546,16
7547,22
7548,23
7549,28
7550,23
7551,28
7552,34
7553,28
7554,23
7555,37
7556,29
7557,38
7558,21
7559,23
7560,25
7561,31
7562,27
7563,24
7564,26
7565,33
7566,21
7567,32
7568,30
7569,35
7570,45
7571,23
7574,28
7575,26
7576,25
7577,30
7578,24
7579,37
7580,18
7581,26
7582,44
7583,14
7584,38
7585,34
7586,36
7587,25
7588,41
7591,29
7592,31
7593,36
7595,30
7596,26
7597,36
7598,19
7599,20
7600,48
7601,21
7602,22
7603,30
7604,33
7605,33
7607,25
7608,56
7609,29
7610,26
7611,26
7612,30
7613,29
7615,28
7616,43
7617,31
7618,25
7619,43
7620,29
7621,39
7622,29
7623,49
7624,21
7625,31
7626,24
7627,26
7628,16
7629,28
7630,25
7631,29
7632,41
7633,25
7634,47
7635,20
7636,32
7637,36
7638,32
7639,29
7640,22
7641,54
7642,24
7643,18
7644,23
7645,44
7646,30
7647,23
7648,14
7649,19
7650,25
7651,27
7652,42
7653,51
7654,20
7655,44
7656,27
7657,35
7658,31
7659,26
7660,29
7662,37
7663,27
7664,24
7665,44
7666,30
7668,25
7669,35
7670,36
7671,28
7672,48
7673,16
7674,49
7675,24
7676,19
7677,23
7679,24
7680,24
7681,30
7682,20
7683,21
7684,29
7685,27
7686,25
7687,31
7688,32
7689,35
7690,40
7691,38
7692,22
7694,20
7696,32
7698,32
7699,32
7700,44
7702,24
7704,50
7705,28
7706,29
7707,40
7708,23
7709,23
7710,27
7711,35
7712,27
7713,25
7714,29
7715,24
7716,33
7717,44
7718,29
7719,53
7720,71
7721,30
7722,23
7723,22
7724,45
7725,31
7726,31
7727,33
7728,23
7729,18
7730,19
7731,33
7732,21
7734,31
7735,26
7736,24
7737,27
7738,34
7739,47
7742,42
7743,22
7744,18
7745,55
7746,33
7747,30
7748,34
7749,26
7751,27
7752,28
7753,33
7754,39
7755,26
7757,26
7758,23
7760,33
7762,19
7764,45
7766,24
7767,26
7768,40
7769,17
7770,32
7772,47
7773,15
7775,29
7776,47
7777,50
7778,24
7779,24
7782,22
7783,23
7785,27
7786,25
7787,42
7788,25
7789,25
7790,26
7791,33
7792,33
7793,48
7794,66
7795,35
7796,23
7797,49
7798,29
7799,54
7800,14
7801,22
7802,25
7803,34
7804,47
7805,42
7806,45
7807,40
7808,28
7809,40
7810,51
7811,58
7812,49
7813,39
7814,15
7815,28
7816,38
7817,54
7818,24
7819,18
7820,35
7821,48
7822,40
7823,24
7824,28
7825,24
7827,28
7828,32
7829,26
7830,29
7831,28
7832,37
7833,25
7835,40
7836,23
7837,55
7839,45
7840,39
7841,22
7842,33
7844,25
7845,22
7846,28
7847,33
7848,26
7849,18
7850,24
7852,35
7853,31
7854,29
7855,28
7856,53
7857,24
7858,24
7859,16
7860,33
7861,25
7862,28
7863,33
7864,39
7865,30
7866,24
7867,24
7868,28
7869,22
7870,36
7871,45
7872,27
7873,25
7874,21
7876,44
7877,35
7878,29
7879,50
7880,26
7881,28
7882,33
7883,23
7884,29
7885,34
7887,30
7888,30
7889,48
7890,25
7891,33
7892,29
7893,25
7894,30
7895,24
7896,19
7897,38
7898,22
7900,31
7901,27
7902,30
7903,26
7907,53
7909,28
7910,38
7911,17
7913,25
7914,30
7915,29
7916,32
7917,26
7918,25
7919,27
7920,30
7921,27
7922,52
7923,25
7924,17
7925,33
7926,32
7927,20
7928,33
7929,64
7930,32
7931,12
7932,26
7933,30
7934,26
7935,55
7936,34
7937,46
7938,29
7939,21
7940,20
7941,25
7942,27
7943,14
7944,39
7945,28
7946,22
7947,34
7948,14
7949,26
7950,33
7951,41
7952,28
7953,19
7954,27
7955,21
7956,29
7957,39
7958,34
7959,39
7960,27
7962,26
7963,34
7964,29
7965,29
7966,26
7967,31
7968,25
7969,50
7971,29
7972,17
7973,35
7975,24
7976,23
7977,18
7978,22
7979,28
7980,22
7982,26
7983,20
7984,32
7985,28
7986,24
7987,19
7988,28
7989,25
7990,22
7992,31
7993,33
7994,20
7995,50
7996,36
7998,26
7999,22
8000,40
8001,36
8002,26
8003,16
8004,27
8005,28
8006,32
8007,26
8008,50
8009,20
8010,38
8012,34
8013,36
8014,39
8016,18
8017,36
8018,31
8019,24
8020,24
8021,32
8023,29
8024,26
8025,25
8026,26
8029,42
8030,33
8031,26
8032,43
8033,30
8034,40
8035,34
8036,30
8037,26
8038,19
8039,44
8041,37
8042,22
8043,27
8044,28
8045,24
8046,27
8047,25
8048,31
8049,23
8050,23
8051,28
8053,39
8054,21
8055,20
8056,48
8059,16
8060,21
8062,35
8063,29
8064,29
8067,43
8068,31
8069,41
8070,23
8071,32
8072,20
8073,28
8074,40
8076,29
8077,22
8078,35
8079,42
8080,30
8082,34
8083,38
8084,36
8085,27
8086,28
8087,43
8088,40
8089,24
8090,23
8091,26
8093,41
8094,46
8095,35
8096,39
8097,31
8098,31
8100,43
8101,31
8102,28
8103,33
8104,38
8105,37
8106,37
8107,30
8108,36
8109,46
8111,27
8112,32
8113,23
8115,48
8116,21
8117,38
8118,27
8119,26
8121,18
8122,21
8123,22
8125,47
8126,35
8128,58
8129,30
8131,23
8132,22
8133,28
8134,18
8135,30
8136,29
8137,23
8138,19
8139,24
8140,24
8141,24
8142,21
8143,23
8144,26
8145,39
8146,26
8147,18
8148,51
8149,24
8151,23
8152,54
8153,42
8154,28
8155,22
8156,16
8157,20
8158,14
8159,26
8160,26
8161,27
8162,28
8163,17
8166,53
8167,34
8168,18
8169,21
8170,23
8171,23
8172,22
8173,21
8174,26
8175,41
8176,41
8177,31
8178,38
8179,44
8180,40
8181,20
8182,28
8183,34
8184,22
8186,28
8187,29
8188,46
8189,29
8190,27
8192,32
8193,31
8194,41
8195,25
8196,31
8197,30
8198,25
8199,38
8200,31
8201,25
8202,20
8204,28
8205,32
8206,29
8207,32
8208,27
8209,27
8210,47
8211,16
8212,38
8213,48
8214,32
8215,21
8216,37
8217,27
8218,22
8219,16
8221,23
8222,26
8223,25
8224,30
8225,31
8226,23
8227,18
8228,31
8230,35
8231,24
8232,25
8233,38
8234,24
8235,36
8236,30
8237,46
8238,40
8239,33
8240,39
8241,26
8242,23
8243,21
8245,49
8246,26
8247,49
8248,19
8250,50
8251,34
8252,26
8253,24
8254,29
8256,17
8257,29
8258,44
8259,25
8260,29
8261,23
8262,27
8263,33
8264,24
8265,23
8266,28
8267,33
8269,21
8270,23
8271,23
8272,24
8273,36
8275,29
8276,30
8277,27
8278,31
8279,41
8281,22
8282,35
8283,30
8284,29
8285,19
8286,19
8287,28
8288,28
8289,38
8290,30
8291,50
8293,17
8294,19
8295,42
8296,24
8297,29
8298,20
8299,25
8301,37
8302,33
8303,29
8304,28
8305,20
8306,21
8307,17
8308,34
8309,30
8312,30
8313,24
8314,31
8315,44
8316,38
8317,15
8318,22
8319,36
8320,27
8321,21
8322,39
8323,28
8324,20
8325,25
8326,29
8327,29
8328,33
8329,63
8330,27
8331,24
8332,25
8334,32
8335,38
8336,28
8337,30
8338,27
8339,24
8340,24
8342,21
8343,22
8344,19
8345,24
8346,24
8347,30
8348,27
8349,24
8350,31
8351,22
8352,29
8353,28
8354,25
8355,25
8356,31
8357,27
8358,33
8359,21
8360,26
8361,21
8364,21
8367,30
8368,22
8370,30
8371,38
8372,34
8374,33
8375,26
8376,25
8378,28
8379,20
8380,27
8382,40
8383,26
8384,38
8385,32
8386,23
8388,32
8389,27
8390,30
8392,24
8393,55
8394,31
8395,28
8396,14
8397,30
8398,20
8399,37
8400,24
8401,18
8402,18
8404,27
8405,39
8406,35
8407,25
8408,32
8409,22
8410,40
8411,32
8412,34
8413,23
8414,43
8415,54
8416,23
8417,42
8418,20
8419,25
8420,29
8421,45
8422,27
8423,26
8424,25
8425,27
8426,30
8427,25
8428,27
8429,40
8431,32
8433,50
8434,51
8435,21
8436,30
8438,20
8439,37
8440,28
8441,32
8442,33
8443,27
8444,41
8445,20
8446,47
8447,50
8448,31
8449,38
8450,26
8451,28
8452,30
8453,40
8454,28
8455,32
8456,26
8457,29
8458,33
8459,27
8460,25
8461,18
8462,30
8463,25
8464,41
8465,32
8466,31
8467,29
8468,35
8469,28
8470,23
8471,23
8472,28
8473,25
8474,17
8475,25
8476,28
8478,21
8479,49
8480,13
8481,31
8482,24
8483,38
8484,26
8485,23
8486,24
8487,19
8488,35
8489,23
8490,43
8491,21
8493,32
8494,33
8495,23
8496,32
8497,20
8498,37
8499,13
8500,35
8501,29
8502,28
8503,41
8504,29
8505,27
8506,25
8507,28
8508,26
8509,27
8510,21
8511,33
8513,41
8514,31
8517,31
8518,21
8519,24
8522,27
8523,50
8524,45
8525,23
8526,26
8527,25
8529,28
8530,27
8531,36
8532,20
8533,43
8534,45
8535,39
8536,37
8537,32
8538,30
8539,20
8540,18
8541,33
8542,27
8543,30
8544,36
8545,23
8547,37
8548,29
8549,34
8550,58
8551,59
8552,31
8553,24
8555,39
8556,34
8557,28
8558,27
8560,43
8561,15
8562,32
8563,23
8564,39
8565,21
8567,28
8568,30
8569,43
8570,29
8571,27
8572,39
8573,26
8574,28
8575,47
8576,34
8577,16
8578,26
8579,25
8580,30
8581,34
8583,25
8584,28
8585,24
8586,33
8589,30
8590,34
8591,76
8592,35
8593,32
8594,23
8595,27
8596,25
8597,37
8600,23
8601,23
8602,23
8603,27
8604,20
8605,25
8606,23
8607,29
8608,26
8609,31
8610,24
8611,28
8613,27
8614,35
8615,31
8616,24
8617,24
8618,36
8619,26
8620,21
8621,26
8623,24
8625,24
8626,23
8627,23
8628,27
8630,22
8631,26
8632,37
8634,29
8635,42
8637,21
8638,46
8639,44
8640,33
8641,34
8642,25
8643,38
8645,25
8646,34
8647,29
8648,20
8649,30
8650,33
8651,25
8652,33
8653,25
8654,25
8655,27
8656,22
8657,30
8658,30
8659,35
8661,20
8662,31
8663,24
8664,32
8665,36
8666,25
8667,14
8668,25
8669,34
8670,32
8671,22
8672,23
8673,33
8674,30
8675,38
8676,27
8677,30
8678,26
8679,15
8680,24
8681,18
8682,27
8683,37
8685,24
8687,67
8688,28
8689,27
8690,32
8691,38
8692,33
8693,19
8694,29
8695,22
8696,26
8697,56
8698,36
8699,26
8700,44
8702,22
8705,26
8706,27
8707,25
8709,31
8710,21
8711,15
8712,32
8713,25
8714,24
8715,31
8716,24
8717,26
8718,25
8720,54
8721,29
8722,50
8723,31
8724,24
8725,22
8726,32
8727,44
8728,32
8729,26
8730,21
8732,46
8733,23
8734,27
8735,23
8736,33
8737,31
8738,52
8739,30
8740,32
8741,38
8742,40
8744,42
8746,56
8747,31
8748,42
8749,26
8750,36
8751,24
8752,27
8753,29
8754,25
8755,27
8757,26
8758,27
8759,38
8760,26
8761,23
8762,24
8763,26
8764,29
8765,53
8766,26
8767,22
8768,30
8769,17
8771,31
8772,24
8774,27
8775,34
8776,27
8777,29
8778,37
8779,44
8780,38
8781,31
8783,30
8784,28
8785,29
8786,29
8787,34
8788,35
8789,37
8790,24
8791,32
8792,23
8794,28
8795,33
8796,47
8797,35
8798,34
8799,57
8800,15
8801,25
8802,24
8803,25
8805,35
8806,30
8807,36
8808,49
8809,24
8810,27
8811,17
8812,21
8813,25
8814,52
8815,31
8816,18
8817,44
8818,21
8819,15
8820,36
8821,44
8822,30
8823,27
8824,22
8825,31
8826,43
8827,24
8828,46
8829,20
8830,33
8831,29
8832,39
8833,31
8834,21
8835,19
8836,51
8838,38
8839,24
8840,10
8841,22
8842,32
8843,23
8844,33
8845,32
8846,29
8848,37
8849,23
8850,34
8851,36
8852,27
8853,26
8854,38
8855,40
8856,28
8857,44
8858,55
8859,22
8860,20
8861,31
8862,17
8863,24
8864,25
8865,56
8867,51
8868,53
8869,26
8870,18
8871,31
8872,28
8874,32
8875,33
8876,26
8877,29
8878,33
8879,21
8880,37
8881,65
8882,24
8883,33
8884,26
8885,24
8886,27
8887,45
8888,36
8889,32
8890,45
8891,36
8892,17
8893,34
8894,27
8895,44
8896,23
8897,22
8898,37
8899,37
8900,24
8901,37
8902,25
8903,55
8904,21
8905,24
8906,25
8907,28
8908,28
8909,26
8910,28
8911,36
8913,32
8914,36
8915,52
8917,63
8919,23
8920,23
8921,31
8922,37
8923,27
8924,25
8925,56
8926,47
8927,29
8928,46
8929,19
8930,23
8931,24
8932,27
8934,30
8936,35
8937,40
8938,34
8939,22
8941,18
8943,19
8944,31
8945,31
8946,26
8948,34
8949,23
8950,20
8951,22
8952,54
8955,29
8956,70
8957,29
8958,25
8959,28
8961,33
8962,23
8963,35
8964,24
8965,22
8966,21
8967,38
8968,31
8969,22
8970,31
8971,28
8972,23
8973,33
8974,48
8975,30
8976,25
8977,24
8978,43
8979,32
8980,28
8981,13
8982,39
8983,28
8984,33
8985,36
8986,29
8987,24
8988,23
8989,28
8991,23
8992,31
8993,40
8994,30
8995,24
8996,33
8997,45
8998,25
8999,24
9000,27
9001,38
9002,46
9003,24
9004,19
9005,21
9006,33
9007,26
9008,32
9009,48
9010,54
9011,21
9012,26
9013,33
9014,21
9015,28
9016,24
9017,30
9018,17
9019,31
9020,39
9021,48
9023,24
9024,26
9026,24
9027,27
9028,29
9030,32
9031,30
9032,38
9033,24
9034,73
9035,25
9036,27
9037,23
9038,45
9039,34
9040,40
9041,19
9042,59
9043,24
9046,21
9047,21
9048,30
9049,36
9050,16
9051,27
9052,45
9053,26
9054,26
9055,24
9056,31
9058,34
9059,40
9060,33
9061,44
9063,32
9065,30
9066,22
9067,18
9068,36
9069,27
9070,44
9071,22
9072,46
9073,30
9074,28
9076,23
9077,22
9078,24
9079,54
9080,39
9081,33
9082,19
9084,22
9085,22
9086,31
9087,28
9088,34
9089,25
9090,20
9091,33
9092,19
9093,30
9094,39
9095,42
9096,30
9097,25
9098,24
9099,40
9100,29
9101,45
9102,21
9103,25
9104,24
9105,44
9106,39
9107,21
9108,27
9110,65
9111,28
9112,21
9113,39
9114,38
9116,29
9117,33
9118,28
9119,46
9120,25
9121,32
9122,20
9123,48
9124,23
9125,35
9126,36
9127,22
9128,25
9129,60
9130,42
9131,27
9132,23
9133,26
9134,34
9135,18
9136,31
9137,23
9138,75
9139,23
9140,29
9141,24
9142,26
9143,32
9144,43
9145,22
9146,20
9147,32
9148,28
9149,36
9150,35
9151,22
9152,25
9153,37
9155,29
9156,30
9157,29
9158,23
9159,27
9160,26
9162,28
9163,26
9165,27
9166,53
9167,27
9168,14
9169,44
9170,22
9171,25
9172,31
9173,36
9174,52
9175,14
9176,43
9177,28
9178,43
9180,37
9182,37
9183,22
9184,34
9186,26
9187,34
9188,34
9189,40
9190,25
9192,15
9193,25
9194,21
9195,38
9196,29
9197,28
9198,21
9199,18
9200,13
9201,35
9202,24
9203,27
9204,44
9205,24
9206,31
9207,30
9208,27
9209,26
9210,32
9211,31
9212,23
9213,63
9214,20
9215,30
9216,25
9217,14
9218,30
9219,30
9220,21
9221,38
9222,28
9223,29
9224,39
9225,30
9226,32
9228,29
9230,25
9231,23
9232,53
9233,29
9234,28
9235,25
9236,27
9237,30
9238,47
9239,31
9240,34
9242,40
9243,28
9244,30
9245,33
9246,42
9247,23
9248,25
9249,29
9250,28
9252,53
9253,24
9255,29
9256,25
9257,25
9259,28
9260,39
9261,27
9262,23
9263,38
9264,23
9265,54
9266,27
9267,22
9268,31
9269,21
9270,21
9271,25
9272,56
9273,40
9274,18
9275,29
9276,24
9277,22
9278,19
9279,34
9280,21
9281,18
9282,32
9283,23
9284,30
9285,16
9286,21
9287,44
9288,43
9289,18
9290,39
9291,20
9292,33
9293,28
9294,24
9295,17
9297,39
9298,23
9299,25
9300,35
9301,47
9302,32
9303,32
9304,31
9305,27
9306,29
9307,29
9308,35
9309,23
9311,26
9312,36
9313,30
9314,26
9315,21
9316,34
9318,24
9319,35
9320,35
9321,26
9322,25
9323,30
9325,14
9326,41
9327,44
9328,22
9329,43
9330,43
9332,24
9333,22
9334,34
9335,31
9336,21
9337,33
9338,37
9339,38
9340,18
9341,23
9342,28
9343,42
9345,38
9346,30
9347,23
9348,35
9349,29
9350,28
9351,25
9352,50
9353,27
9355,19
9357,39
9358,49
9359,23
9360,26
9361,33
9362,33
9363,26
9364,29
9365,26
9366,32
9367,25
9369,39
9370,22
9371,27
9372,31
9373,26
9375,29
9376,33
9377,32
9378,22
9379,32
9381,21
9382,24
9383,26
9384,27
9385,40
9386,30
9387,25
9388,31
9389,21
9390,56
9391,22
9393,27
9394,38
9395,22
9396,20
9397,23
9398,24
9399,39
9401,24
9402,31
9404,52
9405,21
9406,35
9407,29
9408,60
9409,28
9410,22
9411,32
9412,24
9413,27
9414,32
9415,42
9416,36
9417,15
9418,23
9419,26
9420,24
9421,38
9422,41
9423,57
9424,40
9425,28
9426,26
9427,23
9428,27
9429,35
9430,27
9431,40
9432,16
9434,37
9435,35
9436,27
9437,36
9438,30
9439,32
9440,56
9441,23
9442,25
9443,23
9444,16
9445,38
9446,21
9447,42
9448,29
9449,20
9451,39
9452,23
9454,23
9455,28
9456,25
9457,33
9458,27
9459,26
9460,28
9461,22
9462,27
9463,38
9464,24
9465,35
9467,29
9468,23
9469,29
9470,30
9471,27
9472,56
9473,30
9474,41
9475,26
9477,33
9478,30
9479,22
9480,40
9481,40
9482,33
9483,12
9485,30
9486,28
9487,27
9488,25
9489,35
9491,21
9492,36
9493,44
9494,23
9495,27
9496,22
9497,35
9499,21
9500,30
9501,30
9502,29
9503,39
9504,31
9506,23
9507,29
9508,25
9509,35
9510,35
9511,36
9512,44
9513,26
9514,22
9515,43
9516,41
9517,35
9518,23
9519,49
9520,36
9521,24
9522,34
9523,24
9524,22
9525,35
9526,36
9527,23
9528,26
9529,42
9531,24
9532,26
9534,20
9535,35
9536,35
9537,29
9538,35
9539,31
9540,39
9541,32
9542,29
9543,52
9544,29
9545,14
9546,32
9548,38
9549,23
9550,29
9551,35
9552,35
9553,24
9554,28
9556,41
9557,38
9559,34
9560,23
9561,39
9562,38
9563,46
9564,31
9565,29
9566,32
9567,30
9568,25
9569,23
9570,24
9571,22
9572,25
9573,28
9574,30
9575,33
9576,19
9577,24
9578,40
9579,38
9580,25
9581,33
9582,15
9583,25
9584,33
9585,37
9586,21
9587,26
9588,26
9591,30
9592,58
9593,20
9594,27
9595,20
9596,21
9597,25
9598,25
9599,21
9600,22
9601,38
9602,50
9604,27
9605,72
9606,22
9607,38
9608,25
9609,28
9610,23
9611,21
9614,36
9615,28
9616,30
9617,33
9618,32
9619,22
9620,59
9621,26
9622,34
9623,19
9624,23
9625,31
9626,31
9627,36
9628,35
9629,19
9630,58
9631,27
9632,26
9633,37
9634,23
9635,26
9636,28
9637,32
9638,49
9639,30
9640,16
9641,20
9642,53
9645,45
9646,27
9647,31
9648,42
9649,27
9650,29
9651,30
9652,26
9653,39
9654,1
9655,20
9656,19
9657,23
9658,28
9659,26
9660,48
9661,37
9662,26
9663,23
9664,29
9666,24
9667,45
9668,31
9669,34
9670,24
9671,25
9672,40
9673,50
9674,23
9675,33
9676,24
9677,28
9678,35
9679,34
9680,63
9681,39
9682,24
9683,22
9684,21
9686,24
9687,23
9688,28
9690,36
9691,50
9692,30
9693,33
9694,39
9695,27
9696,24
9697,36
9698,23
9699,25
9700,54
9701,24
9702,36
9703,28
9704,48
9705,36
9706,28
9707,35
9708,23
9709,20
9710,39
9711,29
9712,24
9713,31
9715,27
9716,31
9717,23
9718,57
9719,45
9720,27
9721,48
9722,29
9723,22
9724,15
9725,23
9726,49
9727,23
9728,29
9729,33
9730,22
9731,23
9732,34
9734,29
9735,20
9736,32
9738,26
9739,27
9740,23
9741,32
9742,30
9743,30
9744,27
9745,27
9746,26
9747,26
9748,20
9750,23
9751,26
9752,39
9753,38
9754,41
9755,39
9756,23
9757,30
9758,24
9759,23
9760,44
9761,30
9762,26
9763,36
9764,29
9765,41
9766,37
9767,29
9768,56
9769,16
9770,39
9771,32
9772,32
9773,31
9774,23
9776,49
9777,34
9778,27
9779,38
9780,24
9781,28
9782,19
9783,32
9784,20
9785,29
9786,29
9787,27
9788,34
9789,20
9790,25
9791,24
9793,29
9794,20
9795,27
9797,30
9799,36
9800,33
9801,19
9802,25
9803,37
9804,29
9806,30
9807,35
9808,33
9809,28
9810,29
9811,48
9812,50
9813,37
9814,31
9815,28
9817,25
9818,33
9819,27
9820,31
9821,31
9822,39
9823,24
9824,30
9825,21
9826,26
9827,28
9829,26
9830,22
9831,26
9832,20
9833,99
9834,19
9835,54
9836,20
9837,17
9838,29
9839,32
9840,33
9841,31
9842,26
9843,18
9844,22
9845,39
9846,32
9847,55
9848,46
9849,24
9850,43
9851,39
9852,22
9853,18
9854,33
9855,23
9856,18
9857,20
9858,22
9859,28
9860,28
9861,24
9863,26
9864,21
9865,33
9866,35
9867,32
9868,14
9869,36
9870,25
9872,19
9873,29
9874,30
9875,20
9876,52
9877,32
9878,27
9879,23
9880,33
9882,27
9883,38
9884,32
9885,39
9886,30
9887,30
9888,30
9889,28
9890,35
9892,37
9893,58
9894,24
9895,17
9896,23
9897,26
9898,23
9899,33
9900,28
9902,37
9903,43
9904,36
9905,22
9906,60
9907,25
9908,28
9909,24
9910,36
9911,28
9914,24
9915,31
9916,38
9918,43
9919,42
9920,39
9921,31
9922,20
9923,24
9924,47
9925,31
9926,24
9927,22
9928,20
9929,32
9930,26
9931,26
9933,27
9934,28
9935,35
9936,24
9937,32
9939,36
9940,39
9941,26
9942,44
9943,24
9944,28
9945,21
9946,23
9947,31
9948,24
9949,40
9950,39
9951,25
9953,25
9954,31
9955,37
9957,27
9959,50
9960,36
9961,15
9962,19
9964,70
9965,30
9966,34
9967,44
9968,34
9969,27
9970,20
9971,49
9972,28
9973,25
9974,29
9975,24
9977,23
9978,36
9979,30
9980,27
9983,35
9984,21
9985,32
9986,33
9987,24
9989,27
9990,32
9992,52
9993,22
9994,44
9995,31
9996,22
9998,20
9999,27
10000,22
10001,30
10002,32
10003,25
10004,28
10005,28
10006,26
10007,28
10008,14
10009,27
10010,34
10011,25
10013,17
10014,30
10015,59
10016,42
10017,25
10019,36
10020,35
10021,23
10022,40
10023,23
10024,24
10025,25
10026,28
10027,32
10028,33
10029,38
10030,27
10031,28
10032,30
10033,25
10034,24
10035,22
10036,33
10037,27
10038,53
10039,25
10040,28
10041,28
10042,39
10043,25
10044,22
10045,37
10046,24
10048,33
10049,25
10050,23
10051,37
10052,45
10055,44
10056,29
10057,24
10058,24
10059,30
10060,30
10061,22
10062,47
10063,34
10064,27
10065,42
10066,40
10067,27
10068,30
10069,34
10070,32
10071,53
10072,18
10073,34
10074,54
10075,20
10077,26
10078,28
10079,33
10080,15
10081,49
10082,34
10083,39
10084,23
10085,71
10086,26
10087,29
10088,21
10089,26
10091,19
10092,48
10093,27
10095,28
10096,21
10097,34
10100,24
10101,39
10102,28
10103,39
10104,23
10105,21
10106,67
10107,26
10108,33
10109,28
10110,27
10111,49
10112,19
10113,42
10114,28
10115,21
10116,75
10117,25
10118,43
10119,20
10120,39
10121,36
10122,42
10123,30
10124,32
10125,38
10126,42
10127,24
10128,34
10129,26
10130,39
10131,28
10132,30
10133,30
10134,22
10135,25
10136,52
10137,48
10138,28
10139,13
10140,27
10141,31
10143,19
10144,33
10145,24
10147,22
10148,30
10149,28
10151,23
10152,55
10153,32
10154,29
10155,31
10156,32
10157,30
10158,23
10159,39
10161,37
10162,26
10163,35
10164,25
10165,20
10166,28
10167,40
10168,45
10169,26
10170,19
10171,29
10172,22
10173,37
10174,56
10175,46
10176,53
10177,20
10178,39
10180,35
10181,14
10182,31
10183,28
10184,24
10185,29
10186,25
10187,22
10188,26
10189,50
10190,24
10191,38
10192,30
10193,34
10194,25
10195,35
10196,23
10197,39
10198,22
10199,47
10200,22
10202,42
10203,31
10204,34
10205,21
10206,33
10207,20
10208,28
10209,38
10210,31
10211,29
10212,31
10213,29
10215,26
10216,29
10217,27
10218,29
10219,24
10220,23
10221,39
10222,25
10223,35
10225,28
10226,24
10227,52
10228,32
10229,27
10230,41
10231,27
10232,26
10233,25
10234,19
10236,52
10238,27
10239,20
10240,20
10241,24
10243,46
10244,42
10245,24
10246,28
10247,39
10248,29
10249,34
10251,36
10252,22
10253,35
10255,22
10256,43
10257,29
10258,29
10259,19
10260,21
10261,25
10262,30
10263,22
10264,30
10265,42
10266,25
10267,17
10268,27
10270,19
10271,29
10272,36
10273,30
10274,18
10275,22
10277,33
10278,16
10280,28
10281,28
10282,31
10283,27
10284,19
10285,22
10286,54
10287,29
10288,37
10289,20
10290,39
